--
-- PostgreSQL database dump
--

-- Dumped from database version 11.2
-- Dumped by pg_dump version 11.2

SET statement_timeout = 0;
SET lock_timeout = 0;
SET idle_in_transaction_session_timeout = 0;
SET client_encoding = 'UTF8';
SET standard_conforming_strings = on;
SELECT pg_catalog.set_config('search_path', '', false);
SET check_function_bodies = false;
SET client_min_messages = warning;
SET row_security = off;

SET default_tablespace = '';

SET default_with_oids = false;

--
-- Name: customers; Type: TABLE; Schema: public; Owner: paulo
--

CREATE TABLE public.customers (
    id_customer integer NOT NULL,
    customer_name text,
    customer_city text,
    customer_state text,
    customer_country text
);


ALTER TABLE public.customers OWNER TO paulo;

--
-- Name: customers_id_customer_seq; Type: SEQUENCE; Schema: public; Owner: paulo
--

CREATE SEQUENCE public.customers_id_customer_seq
    AS integer
    START WITH 1
    INCREMENT BY 1
    NO MINVALUE
    NO MAXVALUE
    CACHE 1;


ALTER TABLE public.customers_id_customer_seq OWNER TO paulo;

--
-- Name: customers_id_customer_seq; Type: SEQUENCE OWNED BY; Schema: public; Owner: paulo
--

ALTER SEQUENCE public.customers_id_customer_seq OWNED BY public.customers.id_customer;


--
-- Name: products; Type: TABLE; Schema: public; Owner: paulo
--

CREATE TABLE public.products (
    id_product integer NOT NULL,
    product text,
    days integer,
    price integer
);


ALTER TABLE public.products OWNER TO paulo;

--
-- Name: products_id_product_seq; Type: SEQUENCE; Schema: public; Owner: paulo
--

CREATE SEQUENCE public.products_id_product_seq
    AS integer
    START WITH 1
    INCREMENT BY 1
    NO MINVALUE
    NO MAXVALUE
    CACHE 1;


ALTER TABLE public.products_id_product_seq OWNER TO paulo;

--
-- Name: products_id_product_seq; Type: SEQUENCE OWNED BY; Schema: public; Owner: paulo
--

ALTER SEQUENCE public.products_id_product_seq OWNED BY public.products.id_product;


--
-- Name: transactions; Type: TABLE; Schema: public; Owner: paulo
--

CREATE TABLE public.transactions (
    id_transaction integer NOT NULL,
    id_product integer NOT NULL,
    id_customer integer NOT NULL,
    transaction_date timestamp without time zone,
    payment_type text,
    sold_by text,
    contact text,
    pos text
);


ALTER TABLE public.transactions OWNER TO paulo;

--
-- Name: transactions_id_customer_seq; Type: SEQUENCE; Schema: public; Owner: paulo
--

CREATE SEQUENCE public.transactions_id_customer_seq
    AS integer
    START WITH 1
    INCREMENT BY 1
    NO MINVALUE
    NO MAXVALUE
    CACHE 1;


ALTER TABLE public.transactions_id_customer_seq OWNER TO paulo;

--
-- Name: transactions_id_customer_seq; Type: SEQUENCE OWNED BY; Schema: public; Owner: paulo
--

ALTER SEQUENCE public.transactions_id_customer_seq OWNED BY public.transactions.id_customer;


--
-- Name: transactions_id_product_seq; Type: SEQUENCE; Schema: public; Owner: paulo
--

CREATE SEQUENCE public.transactions_id_product_seq
    AS integer
    START WITH 1
    INCREMENT BY 1
    NO MINVALUE
    NO MAXVALUE
    CACHE 1;


ALTER TABLE public.transactions_id_product_seq OWNER TO paulo;

--
-- Name: transactions_id_product_seq; Type: SEQUENCE OWNED BY; Schema: public; Owner: paulo
--

ALTER SEQUENCE public.transactions_id_product_seq OWNED BY public.transactions.id_product;


--
-- Name: transactions_id_transaction_seq; Type: SEQUENCE; Schema: public; Owner: paulo
--

CREATE SEQUENCE public.transactions_id_transaction_seq
    AS integer
    START WITH 1
    INCREMENT BY 1
    NO MINVALUE
    NO MAXVALUE
    CACHE 1;


ALTER TABLE public.transactions_id_transaction_seq OWNER TO paulo;

--
-- Name: transactions_id_transaction_seq; Type: SEQUENCE OWNED BY; Schema: public; Owner: paulo
--

ALTER SEQUENCE public.transactions_id_transaction_seq OWNED BY public.transactions.id_transaction;


--
-- Name: customers id_customer; Type: DEFAULT; Schema: public; Owner: paulo
--

ALTER TABLE ONLY public.customers ALTER COLUMN id_customer SET DEFAULT nextval('public.customers_id_customer_seq'::regclass);


--
-- Name: products id_product; Type: DEFAULT; Schema: public; Owner: paulo
--

ALTER TABLE ONLY public.products ALTER COLUMN id_product SET DEFAULT nextval('public.products_id_product_seq'::regclass);


--
-- Name: transactions id_transaction; Type: DEFAULT; Schema: public; Owner: paulo
--

ALTER TABLE ONLY public.transactions ALTER COLUMN id_transaction SET DEFAULT nextval('public.transactions_id_transaction_seq'::regclass);


--
-- Name: transactions id_product; Type: DEFAULT; Schema: public; Owner: paulo
--

ALTER TABLE ONLY public.transactions ALTER COLUMN id_product SET DEFAULT nextval('public.transactions_id_product_seq'::regclass);


--
-- Name: transactions id_customer; Type: DEFAULT; Schema: public; Owner: paulo
--

ALTER TABLE ONLY public.transactions ALTER COLUMN id_customer SET DEFAULT nextval('public.transactions_id_customer_seq'::regclass);


--
-- Data for Name: customers; Type: TABLE DATA; Schema: public; Owner: paulo
--

COPY public.customers (id_customer, customer_name, customer_city, customer_state, customer_country) FROM stdin;
1	carolina	Basildon	England	United Kingdom
2	Betina	Parkville	MO	United States
3	Federica e Andrea	Astoria	OR	United States
4	Gouya	Echuca	Victoria	Australia
5	Gerd W	Cahaba Heights	AL	United States
6	LAURENCE	Mickleton	NJ	United States
7	Fleur	Peoria	IL	United States
8	adam	Martin	TN	United States
9	Renee Elisabeth	Tel Aviv	Tel Aviv	Israel
10	Aidan	Chatou	Ile-de-France	France
11	Stacy	New York	NY	United States
12	Heidi	Eindhoven	Noord-Brabant	Netherlands
13	Sean	Shavano Park	TX	United States
14	Georgia	Eagle	ID	United States
15	Richard	Riverside	NJ	United States
16	Leanne	Julianstown	Meath	Ireland
17	Janet	Ottawa	Ontario	Canada
18	barbara	Hyderabad	Andhra Pradesh	India
19	Sabine	London	England	United Kingdom
20	Hani	Salt Lake City	UT	United States
21	Jeremy	Manchester	England	United Kingdom
22	Janis	Ballynora	Cork	Ireland
23	Nicola	Roodepoort	Gauteng	South Africa
24	asuman	Chula Vista	CA	United States
25	Lena	Kuopio	Ita-Suomen Laani	Finland
26	Lisa	Sugar Land	TX	United States
27	Bryan Kerrene	New York	NY	United States
28	chris	London	England	United Kingdom
29	Maxine	Morton	IL	United States
30	Family	Los Gatos	CA	United States
31	Katherine	New York	NY	United States
32	Linda	Miami	FL	United States
33	SYLVIA	Vesenaz	Geneve	Switzerland
34	Sheila	Brooklyn	NY	United States
35	Stephanie	Badhoevedorp	Noord-Holland	Netherlands
36	Kelly	Reston	VA	United States
37	James	Burpengary	Queensland	Australia
38	jennifer	Phoenix	AZ	United States
39	Anneli	Houston	TX	United States
40	Ritz	Pittsfield	VT	United States
41	Sylvia	Pittsfield	VT	United States
42	Marie	Ball Ground	GA	United States
43	Mehmet Fatih	Helsingor	Frederiksborg	Denmark
44	Anabela	Flossmoor	IL	United States
45	Nicole	Houston	TX	United States
46	Christiane	Delray Beach	FL	United States
47	Sari	Newbury	England	United Kingdom
48	simone	Kobenhavn	Kobenhavn	Denmark
49	Vanessa	Sandy Springs	GA	United States
50	Anupam	Kinsaley	Dublin	Ireland
51	Karina	Fort Lauderdale	FL	United States
52	Frank	Melbourne	Victoria	Australia
53	Angela	Ankeny	IA	United States
54	Darren	Pittsboro	NC	United States
55	Nikki	New Rochelle	NY	United States
56	chris	Gold Coast	Queensland	Australia
57	Stephanie	Brussels	Brussels (Bruxelles)	Belgium
58	Anushka	Maple Ridge District Municipality	British Columbia	Canada
59	June	Beachwood	OH	United States
60	Baybars	Prince Albert	Saskatchewan	Canada
61	Bonnie	Saltsjobaden	Stockholm	Sweden
62	Cindy	Kemble	England	United Kingdom
63	chrissy	W Lebanon	NH	United States
64	Tamar	Headley	England	United Kingdom
65	Deirdre	Lausanne	Vaud	Switzerland
66	Bernadett	Southampton	England	United Kingdom
67	Dottie	Woodsboro	MD	United States
68	Stefan	Stavanger	Rogaland	Norway
69	Gina	Red Deer	Alberta	Canada
70	Lynne	Memphis	TN	United States
71	Tammy	Morges	Vaud	Switzerland
72	Kim	Calgary	Alberta	Canada
73	Bruce	Belleville	Ontario	Canada
74	Rosa Maria	Cincinnati	OH	United States
75	Lydia	Comox	British Columbia	Canada
76	Eric	Gasperich	Luxembourg	Luxembourg
77	AnaPaula	Helens Bay	Northern Ireland	United Kingdom
78	Robin	Milan	Lombardy	Italy
79	Gitte	Staten Island	NY	United States
80	Dr. Claudia	Oslo	Oslo	Norway
81	Crystal	Farmington	Michigan	United States
82	Delphine	Santa Monica	CA	United States
83	nathalie	Calgary	Alberta	Canada
84	Lindi	Vancouver	British Columbia	Canada
85	Valda	Irvine	CA	United States
86	Marcia	Telgte	Nordrhein-Westfalen	Germany
87	Kevin	Cheltenham	England	United Kingdom
88	Clare	Keller	VA	United States
89	Alice	Nakskov	Storstrom	Denmark
90	ZENA	Honolulu	HI	United States
91	Andrea	Bubuieci	Chisinau	Moldova
92	Rennae	Amelia Island	FL	United States
93	Gerhard	Alliston	Ontario	Canada
94	Megan	La Alberca	Murcia	Spain
95	Danielle	Rathgar	Dublin	Ireland
96	Tod	Coral Gables	FL	United States
97	Janaina	Miami	FL	United States
98	Kofi	Vancouver	British Columbia	Canada
99	Jennifer	Jumeira	Dubayy	United Arab Emirates
100	Jolene	Englewood	CO	United States
101	anne	Bournemouth	England	United Kingdom
102	Alexis	Genoa	IL	United States
103	Dez	Al `Adliyah	Al Manamah	Bahrain
104	Stephanie	Rouen	Upper Normandy	France
105	Melissa	Parkland	FL	United States
106	CLARE	San Francisco	CA	United States
107	catherine	Keller	VA	United States
108	Veronique	Tsawwassen	British Columbia	Canada
109	Bruce and Camille	Clinton	NJ	United States
110	Ellen	Owensboro	KY	United States
111	Amy	Lakewood Village	TX	United States
112	Anna	Okotoks	Alberta	Canada
113	Regina	Glimmen	Groningen	Netherlands
114	Heidi	Calgary	Alberta	Canada
115	Jessica	Kanata	Ontario	Canada
116	Petra	Bergen	Nordrhein-Westfalen	Germany
117	Brian	College Park	MD	United States
118	Kenny	Kailua Kona	HI	United States
119	ayse	Redondo Beach	CA	United States
120	Maria and Timothy	Fountain Hls	AZ	United States
121	IMAN	Brisbane	Queensland	Australia
122	Gerald	Mahopac	NY	United States
123	Annelies	Ile-Perrot	Quebec	Canada
124	Jocelyn	Bruxelles	Brussels (Bruxelles)	Belgium
125	Kara	Chicago	IL	United States
126	Orsi	Rayford	TX	United States
127	Ben	Escondido	CA	United States
128	Sam	Tesvikiye	Istanbul	Turkey
129	Filip and Teresa	Centurion	Gauteng	South Africa
130	Grace	York	England	United Kingdom
131	Chelsey	Ashburn	VA	United States
132	Charis	Los Angeles	CA	United States
133	Marlene	Edgewood	WA	United States
134	Fie	New York	NY	United States
135	Nicole	Basingstoke	England	United Kingdom
136	Linda	Den Haag	Zuid-Holland	Netherlands
137	Janet	Marietta	GA	United States
138	Jamie	Houston	TX	United States
139	Chad	West Orange	NJ	United States
140	sunny	Amsterdam	Noord-Holland	Netherlands
141	Anna	Downey	CA	United States
142	Roger	Urlingford	Kilkenny	Ireland
143	Si	Holte	Kobenhavn	Denmark
144	Sherri	Freienbach	Schwyz	Switzerland
145	Katherine	Hofheim am Taunus	Hessen	Germany
146	Clare	Lafayette	CA	United States
147	Campbell	Mushrif	NULL	Kuwait
148	Ruth	Nashville	AR	United States
149	Cheryl	New Malden	England	United Kingdom
150	Doug	Bishop Auckland	England	United Kingdom
151	Julianne	Navan	Meath	Ireland
152	Shailesh	Joppa	MD	United States
153	Conrad	Joppa	MD	United States
154	Alison	Hampton	NJ	United States
155	Tracy	Louisville	KY	United States
156	Kate	Broadlands	VA	United States
157	Sarka	Yellowknife	Northwest Territories	Canada
158	Therese	Los Angeles	CA	United States
159	Abdul-L	New York	NY	United States
160	heidi	Saint Paul	MN	United States
161	jiyoung	New York	NY	United States
162	Klara	Spring Lake Park	MN	United States
163	Andrew	Winnipeg	Manitoba	Canada
164	Vicki and Bill	Seattle	WA	United States
165	David	Deptford	NJ	United States
166	Antonella	Amsterdam	Noord-Holland	Netherlands
167	David	Alpharetta	GA	United States
168	Greg	Washington	DC	United States
169	Jannik	Holmenkollen	Oslo	Norway
170	Sylvia	Zekeriyakoy	Istanbul	Turkey
171	Bernadette	Washington	DC	United States
172	Denise	Montreal	Quebec	Canada
173	Caren	Braunschweig	Lower Saxony	Germany
174	luciana	Athens	GA	United States
175	Maja	Hoschton	GA	United States
176	Kristen	Binningen	Basel-Country	Switzerland
177	Kirstie	Royal Oak	MI	United States
178	Scott	Royal Oak	MI	United States
179	Jammie	Belmont	MA	United States
180	Frank	Old Greenwich	CT	United States
181	scott	Coconut Grove	FL	United States
182	Jiri	Vienna	VA	United States
183	Bev	San Ramon	CA	United States
184	Dave and Amy	Norfolk	VA	United States
185	Rebecca	Norfolk	VA	United States
186	Melissa	Aberdeen	Scotland	United Kingdom
187	jeremy	Charlestown	New South Wales	Australia
188	Randy	Wigan	England	United Kingdom
189	Djeiny	Rockville	MD	United States
190	Amanda	Shreveport	LA	United States
191	Andrea	Shreveport	LA	United States
192	Joanna	Little Silver	NJ	United States
193	Jessica	Abbey Town	England	United Kingdom
194	alison	Mid City West	PA	United States
195	malin	Atlanta	Georgia	United States
196	Tiffany	Paris	Ile-de-France	France
197	Genevieve	Milton Keynes	England	United Kingdom
198	Saraya	Dresden	Saxony	Germany
199	Anastasia	NYC	NY	United States
200	Elizabeth	The Grange	Queensland	Australia
201	Nicole	Brookline	MA	United States
202	Jeffrey	Montreal-Nord	Quebec	Canada
203	Blanca Gabriela	Irving	TX	United States
204	Elisa	Ottawa Hills	OH	United States
205	Patricia	Portola Valley	CA	United States
206	Bob	Sydney	New South Wales	Australia
207	Kristyn	Kearns	UT	United States
208	Elizabeth	Wollongong	New South Wales	Australia
209	Cathy	Brooklyn	NY	United States
210	Kaylee	Penngrove	CA	United States
211	suzanne	Lemont	IL	United States
212	Cassandra	San Carlos	CA	United States
213	Jennifer	Chicago	IL	United States
214	nicole	Oslo	Oslo	Norway
215	Sean	Wantagh	NY	United States
216	Morgan	Coomera	Queensland	Australia
217	Harriet	Fort Oglethorpe	GA	United States
218	Janine	Corbin City	NJ	United States
219	Debora	Lakeside	CA	United States
220	Vishpala	Margate	FL	United States
221	Emer	South Palm Beach	FL	United States
222	john	New York	NY	United States
223	lailani	Anchorage	AK	United States
224	STEPHANIE	Mona Vale	New South Wales	Australia
225	Tricia	Castricum	Noord-Holland	Netherlands
226	Celina	North Brunswick	NJ	United States
227	Rosemary	Jacksonville	FL	United States
228	Patrick	Baytown	TX	United States
229	Jacob	Winter Haven	FL	United States
230	elisabeth	Gonzaga Univ	WA	United States
231	ayelet	Malmo	Skane	Sweden
232	seemab	San Pawl tat-Targa	NULL	Malta
233	Lucien	Wiesbaden	Hessen	Germany
234	Kevin	London	England	United Kingdom
235	Liban	Stavanger	Rogaland	Norway
236	Lesley	Cork	Cork	Ireland
237	Marie	Winchester	MA	United States
238	Charlene	Calgary	Alberta	Canada
239	Orit	Dallas	TX	United States
240	Alan	Malahide	Dublin	Ireland
241	Anja Langer	Saint Paul	MN	United States
242	Lina	Edinburgh	Scotland	United Kingdom
243	Larry	Naarden	Noord-Holland	Netherlands
244	Jessica	Oldenburg	Lower Saxony	Germany
245	Marion	Rennes	Brittany	France
246	Eric	Ely	NV	United States
247	Miriane	Norfolk	VA	United States
248	Jeff	Houston	TX	United States
249	christina	Chepel	Budapest	Hungary
250	Shannon	Buffalo Grove	IL	United States
251	Angela	Newburgh	Scotland	United Kingdom
252	Angela	Vienna	Vienna	Austria
253	Elaine	Vicenza	Veneto	Italy
254	Helen	Mechanics Grove	PA	United States
255	Fatisha	Miami	FL	United States
256	Nina	Silver Spring	MD	United States
257	Barbara	Kirriemuir	Scotland	United Kingdom
258	Karen	Roquefort	Provence-Alpes-Cote d`Azur	France
259	Georgina	Portland	OR	United States
260	Kellie	Staten Island	NY	United States
261	Terry	San Antonio	TX	United States
262	LAURIE	Guildford	England	United Kingdom
263	frauke	Horten	Vestfold	Norway
264	Cindy	Englewood	CO	United States
265	Simone	San Antonio	TX	United States
266	Hilde	Princeville	HI	United States
267	Leah	Castleknock	Dublin	Ireland
268	Laine	Castleknock	Dublin	Ireland
269	kirsten	Bishops Stortford	England	United Kingdom
270	Elizabeth	Den Haag	Zuid-Holland	Netherlands
271	Anna	Lafayette	CA	United States
272	Babs	Blackpool	England	United Kingdom
273	Gerlinde	Hellerup	Kobenhavn	Denmark
274	Hollyn	London	England	United Kingdom
275	leiser	N Java	NY	United States
276	Irene	Munich	Bayern	Germany
277	Lisa	Brulon	Pays de la Loire	France
278	Ann	Austin	TX	United States
279	Nichol Jane	Midland Park	NJ	United States
280	Beatriz	Centerport	NY	United States
281	corina	Neustift am Walde	Vienna	Austria
282	manon	Neustift am Walde	Vienna	Austria
283	Isabelle	Shorewood	MN	United States
284	Lynne	Southlake	TX	United States
285	Doug	Huntington	NY	United States
286	AMY	The Woodlands	TX	United States
287	Kim	Kelowna	British Columbia	Canada
288	HELIDA	White House	TN	United States
289	Cameron	Rungsted	Frederiksborg	Denmark
290	Wendy	Lake Mahopac	NY	United States
291	Jane	Biot	Provence-Alpes-Cote d`Azur	France
292	shelby	Plantation	FL	United States
293	Tara	Killiney	Dublin	Ireland
294	James	Guer	Brittany	France
295	Heloise	Arlington	VA	United States
296	Gabriel	Three Hills	Alberta	Canada
297	Jodie	Great Falls	Virginia	United States
298	Jeremy	London	England	United Kingdom
299	Helga	Clontarf	Dublin	Ireland
300	Eleanor	Vancouver	British Columbia	Canada
301	Miss	London	England	United Kingdom
302	Marie	Dickerson	MD	United States
303	Lisa	Princeton	NJ	United States
304	Priska	Calgary	Alberta	Canada
305	Katrine	North Tustin	CA	United States
306	Lisa	Gurgaon	Haryana	India
307	Sabrina	Rambouillet	Ile-de-France	France
308	prof	Gladwyne	PA	United States
309	KeithMichelle	Houston	TX	United States
310	Kim	London	England	United Kingdom
311	anissa	Slough	England	United Kingdom
312	john	Glan-Munchweiler	Rhineland-Palatinate	Germany
313	Miye	Downingtown	PA	United States
314	Heidi	MT Pleasant	TX	United States
315	T	Veigy-Foncenex	Rhone-Alpes	France
316	Daniele	Katy	TX	United States
317	luisa	Gorey	NULL	Jersey
318	Nadine	Belgrade	MT	United States
319	Tina	Calgary	Alberta	Canada
320	Damali	Toronto	Ontario	Canada
321	Katherine	Corrales	NM	United States
322	Kathryn	Cork	Cork	Ireland
323	Veronique	Tenafly	NJ	United States
324	Erica	Leesburg	VA	United States
325	L	Alcona	Ontario	Canada
326	Diana	Kuala Lumpur	Kuala Lumpur	Malaysia
327	Emma	Sydney	New South Wales	Australia
328	Marina	Nerang	Queensland	Australia
329	Natalie	Bryceville	FL	United States
330	Brenda	Saffron Walden	England	United Kingdom
331	Nita	Sutton	Dublin	Ireland
332	Marian	Durban	KwaZulu-Natal	South Africa
333	Kevin	Berkeswell	England	United Kingdom
334	cari	Dryden	VA	United States
335	Cassandra	Santry	Dublin	Ireland
336	Christof and Heidi	Barcelona	Catalonia	Spain
337	Ina	Fayetteville	NC	United States
338	Lisa	Anse Comeau	Quebec	Canada
339	Camille and Carmen	Thorlakshofn	NULL	Iceland
340	Trina	Overland	KS	United States
341	Ginger	King City	Ontario	Canada
342	breon	Leighton Buzzard	England	United Kingdom
343	Marion	Umea	Vasterbotten	Sweden
344	Pia	Sola	Rogaland	Norway
345	Dr. Donald	Stockton-on-Tees	England	United Kingdom
346	Jenna and Paul	Senatobia	MS	United States
347	Rebecca	Berlin	Berlin	Germany
348	Monique	Waldorf	MD	United States
349	lilia	Brooklyn	NY	United States
350	Lainey	Lakeville	MN	United States
351	Jag	Saint-Cergues	Rhone-Alpes	France
352	Charlene	Vancouver	British Columbia	Canada
353	Fiona	Stamford	CT	United States
354	burt	Rathfarnham	Dublin	Ireland
355	Maggie	Paris	Ile-de-France	France
356	Stanford	Howell	MI	United States
357	ruth	Encinitas	CA	United States
358	Courtney	Atchison	KS	United States
359	Courtney	Mililani	HI	United States
360	Anthony	Victor	NY	United States
361	Eleanor	Fairbanks	AK	United States
362	GAIA	Soro	Vestsjalland	Denmark
363	Zane	Warlingham	England	United Kingdom
364	Beate	Hamburg	Hamburg	Germany
365	BALA	Accokeek	MD	United States
366	Mrs	Sunnyvale	CA	United States
367	Vanessa	Ithaca	NY	United States
368	Amanda	Houston	TX	United States
369	alex	Farmingtn Hls	MI	United States
370	T	Brooklyn	NY	United States
371	Alva and Martin	Great Falls	VA	United States
372	Anett	Gosport	England	United Kingdom
373	Jacqui	Scottsdale	AZ	United States
374	KERRY	Sunnyvale	CA	United States
375	DeeDee	Songnae-dong	Soul-t`ukpyolsi	South Korea
376	leanne	Clyde Hill	WA	United States
377	katie	Ruschlikon	Zurich	Switzerland
378	Marina	Minneapolis	MN	United States
379	camilla	Chicago	IL	United States
380	pirunkit	Petworth	England	United Kingdom
381	Kathrin	Abu Dhabi	Abu Zaby	United Arab Emirates
382	Kate	Stockholm	Stockholm	Sweden
383	Maie	Queen Creek	AZ	United States
384	verena	Queen Creek	AZ	United States
385	Marie-Christine	Durham	NC	United States
386	Gabriella	Austin	TX	United States
387	valerie et nicolas	Glenn Dale	MD	United States
388	Nicole	Aardal	Sogn og Fjordane	Norway
389	Renee	Edinburg	TX	United States
390	Nicole	South Melbourne	Victoria	Australia
391	Joachim	Fortaleza	Ceara	Brazil
392	Monica	Weston	CT	United States
393	Nanci	Reading	England	United Kingdom
394	Laura	Coconut Grove	FL	United States
395	ciara and mike	London	England	United Kingdom
396	Sarah	San Francisco	CA	United States
397	Anne-line	Zug	Zug	Switzerland
398	Ulrika	Scottsdale	AZ	United States
399	leigh	Potomac Falls	VA	United States
400	Nuria	Superior	CO	United States
401	Tejal	London	England	United Kingdom
402	Ignacio	Engleside	VA	United States
403	ZOE	New Plymouth City	Taranaki	New Zealand
404	nihan	Roanoke	VA	United States
405	alan	Norcross	GA	United States
406	lydia	Sandy Plains	GA	United States
407	Tracey	Saint Catharines	Ontario	Canada
408	Anja	Gainesville	VA	United States
409	Jennifer	Nordstrand	Oslo	Norway
410	Holly	Arlington	MA	United States
411	megan	West Hills	CA	United States
412	Tarah	San Jose	CA	United States
413	Gerardo	London	England	United Kingdom
414	Joanne	Oak Park	MI	United States
415	Margaret	Terrell Hills	TX	United States
416	Laura	Jumeira	Dubayy	United Arab Emirates
417	Whitney	Falmouth	VA	United States
418	Ravinder	Lurgan	Northern Ireland	United Kingdom
419	Pam	Richmond	TX	United States
420	Celina	Den Haag	Zuid-Holland	Netherlands
421	Heather	Ooltewah	TN	United States
422	Kathryn	Pacific Beach	CA	United States
423	Michele	Austin	TX	United States
424	Craig	Seattle	WA	United States
425	Kim	Seattle	WA	United States
426	maria	Ottawa	Ontario	Canada
427	Elaine	Vienna	VA	United States
428	Madison	Torbay	Auckland	New Zealand
429	Amanda	Shenfield	England	United Kingdom
430	Krista	Bergen	Hordaland	Norway
431	Sarah	Bolton	England	United Kingdom
432	Sarah	Sandymount	Dublin	Ireland
433	Pamela	Bellinzona	Ticino	Switzerland
434	Christine	Antwerpen	Antwerpen	Belgium
435	Diana	Campinas	Sao Paulo	Brazil
436	mary	Nacka	Stockholm	Sweden
437	Helena	Fremont	CA	United States
438	nina	Warwick	Queensland	Australia
439	Mark	Holmdel	NJ	United States
440	alice and rudolf	Baltimore	MD	United States
441	Costanza	Saggart	Dublin	Ireland
442	Yoko	Andover	MA	United States
443	Barbara	La Crescenta	CA	United States
444	Kit	Suwanee	GA	United States
445	cristina	Seattle	WA	United States
446	linda	Arlington	VA	United States
447	Christyna	Calgary	Alberta	Canada
448	Alicja	Kenmore	WA	United States
449	Rachel	Fresno	CA	United States
450	Rachel	Atascadero	CA	United States
451	Jan	Barcelona	Catalonia	Spain
452	Karin	High Wycombe	England	United Kingdom
453	ron	Tsaritsyno	Moscow City	Russia
454	Sharon	Ajax	Ontario	Canada
455	Anna	New York	NY	United States
456	Laura	Fairfield	IA	United States
457	Yana	North Bay	Ontario	Canada
458	Katherine	Marietta	GA	United States
459	Therese	Clontarf	Dublin	Ireland
460	Francoise	Danville	PA	United States
461	Elizabeth	Okotoks	Alberta	Canada
462	Corinne	Anthem	AZ	United States
463	Ec	Clonmel	Tipperary	Ireland
464	Carmen	Arlington	VA	United States
465	Brittany	Orlando	FL	United States
466	Sandrine	Walnut Creek	CA	United States
467	asuncion	Centennial	CO	United States
468	Sophie	Newtown	CT	United States
469	Henrietta	Vancouver	British Columbia	Canada
470	DD	York	England	United Kingdom
471	Jennifer	Drogheda	Louth	Ireland
472	samuel	Saddle Brook	NJ	United States
473	Angelina  Patrick	San Diego	CA	United States
474	Sven	Issaquah	WA	United States
475	Toni	Bolton	England	United Kingdom
476	Patrick	Lexington	MA	United States
477	jason	Altadena	CA	United States
478	Tabatha	Altadena	CA	United States
479	Aline	Davis	CA	United States
480	Debra	Toronto	Ontario	Canada
481	Natasha	Pasadena	CA	United States
482	Melinda	Buffalo Grove	IL	United States
483	Luc1nda	London	England	United Kingdom
484	Kim	Newcastle	Wicklow	Ireland
485	Britlyn	Norwalk	CT	United States
486	Adam	Besancon	Franche-Comte	France
487	Mimi	Monte-Carlo	NULL	Monaco
488	Liann	Monaco	NULL	Monaco
489	Sarah	Floyds Knobs	IN	United States
490	Naseer	London	England	United Kingdom
491	Caroline	Marietta	GA	United States
492	Karena	Marietta	GA	United States
493	janet	Hon	HI	United States
494	Hans	Knoxville	TN	United States
495	Sandra  Thierry  Zoe	Knoxville	TN	United States
496	Eleanor	Edinburgh	Scotland	United Kingdom
497	Anna	Paris	Ile-de-France	France
498	Cara	Humble	TX	United States
499	carolien	Mashpee	MA	United States
500	Ana	Hong Kong	NULL	Hong Kong
501	Patrick	Birmingham	MI	United States
502	Heidi	St Augustine	FL	United States
503	Tom	Salt Lake City	UT	United States
504	Justine	Seattle	WA	United States
505	isabel	Ruti	Zurich	Switzerland
506	scott	Rogers	AR	United States
507	Fatima	Rogers	AR	United States
508	Judy	Dun Laoghaire	Dublin	Ireland
509	Glenn	Perth	Scotland	United Kingdom
510	Family in	London	England	United Kingdom
511	Lauren	Gries	Rhineland-Palatinate	Germany
512	Michael	Pietermaritzburg	KwaZulu-Natal	South Africa
513	Jodi	Sutton Valence	England	United Kingdom
514	simone	Lyngby	Kobenhavn	Denmark
515	Sonja	Alpine	NJ	United States
516	Shane	Zurich	Zurich	Switzerland
517	Ruth	Saskatoon	Saskatchewan	Canada
518	Cleo	Pacific Palisades	CA	United States
519	Benoit	Fort Saint James	British Columbia	Canada
520	Claire	Versoix	Geneve	Switzerland
521	Claire	Trumansburg	NY	United States
522	Lindsey	Kennett Square	PA	United States
523	Nicola	San Jose	CA	United States
524	PATRICK	Ban Khlong Sip	Krung Thep	Thailand
525	jennifer	Morro Bay	CA	United States
526	Amy	Parramatta	New South Wales	Australia
527	Whitney	Dumbleton	England	United Kingdom
528	Astrid	Altlengbach	Lower Austria	Austria
529	jo	Ballincollig	Cork	Ireland
530	Michelle	Ballincollig	Cork	Ireland
531	TG	Zagore	Stara Zagora	Bulgaria
532	Emily	Vecmilgravis	Riga	Latvia
533	Niki	Trelex	Vaud	Switzerland
534	Sarah	Ornex	Rhone-Alpes	France
535	sherry	Las Vegas	NV	United States
536	Laura	San Anselmo	CA	United States
537	Carmela	Hannover	Lower Saxony	Germany
538	Matt	N Woodmere	NY	United States
539	Karen	Madrid	Madrid	Spain
540	Joanne	Castlebar	Mayo	Ireland
541	Stephanie	Fairfax	CA	United States
542	Hurst	Chandler	AZ	United States
543	Liza	Dammeron Valley	UT	United States
544	Michele	Buffalo	NY	United States
545	Karin	Olive Branch	MS	United States
546	cath	Warwick	NY	United States
547	eva	Gisborne	Victoria	Australia
548	Andrea	San Mateo	CA	United States
549	Sabine	Milton Keynes	England	United Kingdom
550	Aideen and Jonathan	Kecskemet	Bacs-Kiskun	Hungary
551	George	Nakskov	Storstrom	Denmark
552	Helen	Aloma	FL	United States
553	C	Chandler	AZ	United States
554	chris	Kjobenhavn	Staden Kobenhavn	Denmark
555	maggie	Stockton	England	United Kingdom
556	Mareike	Cumming	GA	United States
557	lamia	Little Compton	RI	United States
558	Madhu	Centennial	CO	United States
559	sandhya	Centennial	CO	United States
560	Kimberly	Herndon	VA	United States
561	Tania	Vista	CA	United States
562	andrea	Oostburg	WI	United States
563	John	Griffith	New South Wales	Australia
564	carol	Ann Arbor	MI	United States
565	Nona	South Jordan	UT	United States
566	Family	Dubai	Dubayy	United Arab Emirates
567	Michelle	Dubai	Dubayy	United Arab Emirates
568	Kathryn	Kirriemuir	Scotland	United Kingdom
569	Oswald	Tramore	Waterford	Ireland
570	Elyssa	Gdansk	Pomorskie	Poland
571	michelle	Arklow	Wicklow	Ireland
572	Alicia	Lincoln	NE	United States
573	JP	Tierp	Uppsala	Sweden
574	Geraldine	Brussels	Brussels (Bruxelles)	Belgium
575	sandra	Burr Oak	IA	United States
576	Olivia	Wheaton	IL	United States
577	Tom	Killeen	TX	United States
578	Annette	Manhattan	NY	United States
579	SUSAN	Oxford	England	United Kingdom
580	Michael	Paris	Ile-de-France	France
581	ashton	Exeter	England	United Kingdom
582	Scott	Rungsted	Frederiksborg	Denmark
583	Pam	London	England	United Kingdom
584	Lisa	Borja	Bohol	Philippines
585	Pavel	London	England	United Kingdom
586	Richard	Jamestown	RI	United States
587	Jasinta Jeanne	Owings Mills	MD	United States
588	Rachel	Hamilton	Ontario	Canada
589	Cherish	Anchorage	AK	United States
590	Shona	Mornington	Meath	Ireland
591	Abikay	Fullerton	CA	United States
592	Abikay	Atlanta	GA	United States
593	Kendra	Toronto	Ontario	Canada
594	amanda	Liverpool	England	United Kingdom
595	Leila	Ponte San Nicolo	Veneto	Italy
596	amanda	Las Vegas	NV	United States
597	Stacy	Rochester Hills	MI	United States
598	Derrick	North Bay	Ontario	Canada
599	Jacob	Lindfield	New South Wales	Australia
600	DOREEN	Madrid	Madrid	Spain
601	eugenia	Wisconsin Rapids	WI	United States
602	Karen	Austin	TX	United States
603	Bea	Chicago	IL	United States
604	Hilde Karin	Las Vegas	NV	United States
605	Rima	Mullingar	Westmeath	Ireland
606	Ruangrote	Melbourne	Victoria	Australia
607	pamela	Ayacucho	Buenos Aires	Argentina
608	Emillie	Eagan	MN	United States
609	sangeeta	Vossevangen	Hordaland	Norway
610	Anja	Ferney-Voltaire	Rhone-Alpes	France
611	Andrew	Sevilla	Andalucia	Spain
612	Bato	Munchengosserstadt	Thuringia	Germany
613	Ailsa	Lindenhurst	NY	United States
614	Sophie	Bloomfield	MI	United States
615	Katrin	Calgary	Alberta	Canada
616	Kelly	Vancouver	British Columbia	Canada
617	Tomasz	Klampenborg	Kobenhavn	Denmark
618	Elizabeth	Calne	England	United Kingdom
619	Michael	Los Angeles	CA	United States
620	Natasha	Milano	Lombardy	Italy
621	Meredith	Kloten	Zurich	Switzerland
622	Nicole	Fayetteville	NC	United States
623	Ryan	Simpsonville	SC	United States
624	Mary	Auckland	Auckland	New Zealand
625	Aaron	Reading	England	United Kingdom
626	Bertrand	North Caldwell	NJ	United States
627	Zoe	Coventry	England	United Kingdom
628	Trine Marie	Orillia	Ontario	Canada
629	Kim	Paris	Ile-de-France	France
630	John	San Jose	CA	United States
631	Rich	Ingelheim-Mitte	Rhineland-Palatinate	Germany
632	Kayla	Leamington Spa	England	United Kingdom
633	Richard and Comfort	Regensdorf	Zurich	Switzerland
634	Eric	Melbourne	Victoria	Australia
635	Melissa	Geneve	Geneve	Switzerland
636	Dawn	Vaucluse	New South Wales	Australia
637	Tamara	Klosterneuburg	Lower Austria	Austria
638	Ashley	Rancho Cordova	CA	United States
639	familly	Creemore	Ontario	Canada
640	Ken	Sidcup	England	United Kingdom
641	Tori	Minneapolis	MN	United States
642	Hanne	Phoenix	MD	United States
643	Precious	Edmonton	Alberta	Canada
644	Michelle	Lyndoch	South Australia	Australia
645	Paula	Larchmont	NY	United States
646	Stephanie	Saint Charles	IL	United States
647	kemp	Brentwood	TN	United States
648	Therese	Pensacola	FL	United States
649	Mona	Kelowna	British Columbia	Canada
650	Caroline	Toronto	Ontario	Canada
651	Andrea	Brondby Strand	Kobenhavn	Denmark
652	Pilar	Florence	Tuscany	Italy
653	Lisa	Perth	Western Australia	Australia
654	A	Saint Petersburg	FL	United States
655	Yvette	Aubonne	Vaud	Switzerland
656	Katie	Gava	Catalonia	Spain
657	Nicole	Mc Lean	VA	United States
658	Kelly	Hendersonville	TN	United States
659	george	Zurich	Zurich	Switzerland
660	Samantha	Watford	England	United Kingdom
661	Caterina	Amsterdam	Noord-Holland	Netherlands
662	Kate	Rochester Hills	MI	United States
663	Tina	Anglesea	Victoria	Australia
664	Emily	Killarney	New Providence	The Bahamas
665	Maricel	Malibu	CA	United States
666	Patricia	Allen	TX	United States
667	steve	Evires	Rhone-Alpes	France
668	Darrah	Den Haag	Zuid-Holland	Netherlands
669	Sara	Perth City	Western Australia	Australia
670	Erika	Redruth	England	United Kingdom
671	Audrey	Bruxelles	Brussels (Bruxelles)	Belgium
672	Louise	London	England	United Kingdom
673	Karen	Montreal	Quebec	Canada
674	Maki	Miami Beach	FL	United States
675	Peter	Shankill	Dublin	Ireland
676	Ashlee	Oxford	England	United Kingdom
677	Anja	New York	NY	United States
678	Ellen Walton	Melbourne	Victoria	Australia
679	Jessica	Woodland Hills	CA	United States
680	Wouter and Andrea	Anchorage	AK	United States
681	Pam and Rob	Yorba Linda	CA	United States
682	Elsa	Waiwera	Auckland	New Zealand
683	kathleen kane	Jamaica Plain	MA	United States
684	Selene	Oslo	Oslo	Norway
685	Christy	Setagaya	Tokyo	Japan
686	Hanna Agla	Donauworth	Bayern	Germany
687	Elyse	Bandon	Cork	Ireland
688	Alexis	Ehingen an der Donau	Baden-Wurttemberg	Germany
689	M George	Paris	Ile-de-France	France
690	John	Banbury	England	United Kingdom
691	cheryl	Beverly Hills	CA	United States
692	R	Danderyd	Stockholm	Sweden
693	Charlene	Sebastopol	CA	United States
694	Cindy	Glendora	CA	United States
695	Ed	Nacka	Stockholm	Sweden
696	Astrid	Canterbury	England	United Kingdom
697	Nicole	Neuchatel	Neuchatel	Switzerland
698	Maria Macarena	Billings	MT	United States
699	Maggie	Libertyville	IL	United States
700	Christophe	Temecula	CA	United States
701	Manoj	Boise	ID	United States
702	Brenda	Rock Hill	SC	United States
703	Lizelle	Mililani	HI	United States
704	Kees en Valesca	Scamander	Tasmania	Australia
705	Cormac	Freeport City	Freeport	The Bahamas
706	jacqueline	North Vancouver	British Columbia	Canada
707	Martin	Ludwigsburg	Baden-Wurttemberg	Germany
708	Dean	Rockingham	Western Australia	Australia
709	VERBENA	Basel	Basel-Town	Switzerland
710	Angel Marie	Den Haag	Zuid-Holland	Netherlands
711	olla	Westminster	CO	United States
712	Eman	Penclawdd	Wales	United Kingdom
713	Julia	Ede	Gelderland	Netherlands
714	Sarah	Plan-les-Ouattes	Geneve	Switzerland
715	Esther	Stocksund	Stockholm	Sweden
716	amy	Stuttgart	Baden-Wurttemberg	Germany
717	Jyoti	Tunbridge Wells	England	United Kingdom
718	Keri	Issaquah	WA	United States
719	Paul	Burnaby	British Columbia	Canada
720	Attie	Cypress	CA	United States
721	odile	Lititz	PA	United States
722	gail	London	England	United Kingdom
723	Niki	Chadds Ford	PA	United States
724	Danny	St Thomas	VI	United States
725	Sarah	Coppell	TX	United States
726	Beckie	Ladera Ranch	CA	United States
727	Maryse	Rathfarnham	Dublin	Ireland
728	don	Cagliari	Sardinia	Italy
729	Majken	Charlottenlund	Kobenhavn	Denmark
730	Karen and Andrew	Munchen	Bayern	Germany
731	Katerina	Firenze	Tuscany	Italy
732	Mary	Baile Atha Bui	Meath	Ireland
733	Oscar	Chamonix-Mont-Blanc	Rhone-Alpes	France
734	Suejean	Gingins	Vaud	Switzerland
735	ann	Boca Raton	FL	United States
736	Renee	Chaska	MN	United States
737	Catherine	Hghlnds Ranch	CO	United States
738	Rhonda	Atlanta	GA	United States
739	alix	Tenafly	NJ	United States
740	Mike	Aberdeen	Scotland	United Kingdom
741	Diane	Djurgarden	Stockholm	Sweden
742	Sigrun	Nashville	TN	United States
743	Dania	Munich	Bayern	Germany
744	Kelsi	Utrecht	Utrecht	Netherlands
745	Maria	Boyceville	WI	United States
746	Bent Erik	Basauri	Pais Vasco	Spain
747	Kirsten	Melbourne	Victoria	Australia
748	Dickson	Kemerburgaz	Istanbul	Turkey
749	Howard	Worcester	England	United Kingdom
750	Dana	Thurles	Tipperary	Ireland
751	Nola	Den Haag	Zuid-Holland	Netherlands
752	Elizabeth	Cos Cob	CT	United States
753	minjeong	Bern	Bern	Switzerland
754	Matt	Leicester	England	United Kingdom
755	Vanessa	Cornwall	Ontario	Canada
756	Charlotte	Sterling	VA	United States
757	Rowena	Cork	Cork	Ireland
758	Catherine	Mount Forest	Ontario	Canada
759	Sarah	Ridgefield	CT	United States
760	sorcha	Porto Alegre	Rio Grande do Sul	Brazil
761	sorcha	Cartierville	Quebec	Canada
762	Mary	Stuttgart	Baden-Wurttemberg	Germany
763	Ronja	Manhattan	NY	United States
764	Nicola	Sneem	Kerry	Ireland
765	BURCAK	Alpharetta	GA	United States
766	isabelle	Sainte-Therese-de-Blainville	Quebec	Canada
767	christy	Germantown	TN	United States
768	Lilly	Castleknock	Dublin	Ireland
769	Mandy	Hono	HI	United States
770	Elena	New Rochelle	NY	United States
771	Lolarae	Calgary	Alberta	Canada
772	Lisa	South Waterford	ME	United States
773	Nita and Trebor	Washington Township	OH	United States
774	Jenevieve	Guelph	Ontario	Canada
775	Piret	Bunbury	Western Australia	Australia
776	Damian	Mettlach	Saarland	Germany
777	Lusell	Oberwil	Basel-Country	Switzerland
778	Costanza	Beykoz	Istanbul	Turkey
779	Vanessa	Arc-et-Senans	Franche-Comte	France
780	Evelyn	Grossbodungen	Thuringia	Germany
781	Nicola	Bruxelles	Brussels (Bruxelles)	Belgium
782	Simone	Kilcornan	Limerick	Ireland
783	Elisabeth	Wilmington	NC	United States
784	Kasey	Aix-en-Provence	Provence-Alpes-Cote d`Azur	France
785	Olympe	Lidingo	Stockholm	Sweden
786	James	Edmonton	Alberta	Canada
787	Alyssa	Antibes	Provence-Alpes-Cote d`Azur	France
788	Reto	Seattle	WA	United States
789	Joelle	Rowayton	CT	United States
790	Nicole	Simcoe	Ontario	Canada
791	Alexandria	Lebanon	PA	United States
792	Elisabeth	Birkdale	Queensland	Australia
793	Ann	Brisbane	Queensland	Australia
794	Olga	Strasbourg	Alsace	France
795	Courtney	Suchdol	Prague	Czech Republic
796	stacy	Stuttgart	Baden-Wurttemberg	Germany
797	Monica	Villanova	PA	United States
798	Michael	Norrkoping	Ostergotland	Sweden
799	Katrin	Zumikon	Zurich	Switzerland
800	Louise	Balgach	St Gallen	Switzerland
801	Alfredo A	Las Vegas	NV	United States
802	Kerry	Prague	Central Bohemia	Czech Republic
803	Saeko	Warwick	NY	United States
804	VIOLETA	Silver Spring	MD	United States
805	Antje	Sacramento	CA	United States
806	janet	Blarney	Cork	Ireland
807	claire	Ballyneety	Limerick	Ireland
808	Nathalie	Haymarket	VA	United States
809	Daria	George Town	NULL	Cayman Isls
810	Judith L.	Scottsdale	AZ	United States
811	Audinet	Cambridge	MA	United States
812	William	Chalfont Saint Peter	England	United Kingdom
813	Tatjana and Martin	Birmingham	England	United Kingdom
814	Scott	Den Haag	Zuid-Holland	Netherlands
815	Brona	Den Haag	Zuid-Holland	Netherlands
816	Andree	Newmarket	Cork	Ireland
817	Aziz	Irpin`	Kiev	Ukraine
818	Fernando	Grosseto	Tuscany	Italy
819	Jo	Pembroke Pines	FL	United States
820	Joern	Waterford	Ontario	Canada
821	Melissa	Carouge	Geneve	Switzerland
822	Melissa	Chester	CT	United States
823	isabela	Reston	VA	United States
824	Nacole	Milan	Lombardy	Italy
825	Jennifer	Vancouver	British Columbia	Canada
826	Mary	Alpharetta	GA	United States
827	Lisa	Ringgold	GA	United States
828	Debora	Wall	NJ	United States
829	Karoline	Powell River	British Columbia	Canada
830	Jo	Huntington Beach	CA	United States
831	Kristen	Los Gatos	CA	United States
832	Astrid	Oslo	Oslo	Norway
833	Malinda	Oxford	England	United Kingdom
834	Sylvia	Alexandria	VA	United States
835	Jupiterlina Elika	Rome	Lazio	Italy
836	Aniko	Random Lake	WI	United States
837	Petra	San Francisco	CA	United States
838	Heather	Baluan	General Santos	Philippines
839	Kim	Brussels	Brussels (Bruxelles)	Belgium
840	Ruby	Bedford Corners	NY	United States
841	Novy	Istanbul	Istanbul	Turkey
842	Stephanie	Hilversum	Noord-Holland	Netherlands
843	Tammy	Milford	ME	United States
844	Alessandra	Vancouver	British Columbia	Canada
845	Cathy	Kidderminster	England	United Kingdom
846	Scott	Lausanne	Vaud	Switzerland
847	dia	Claygate	England	United Kingdom
848	Lauren	Laasby	Arhus	Denmark
849	Line	Budaors	Pest	Hungary
850	Sean	London	England	United Kingdom
851	Sarah	Santo Domingo City	Distrito Nacional	Dominican Republic
852	Brian	Croton On Hudson	NY	United States
853	Lesa	Vespasiano	Minas Gerais	Brazil
854	james	Nashville	TN	United States
855	loudon	Ottawa	Ontario	Canada
856	Allison	Naples	FL	United States
857	Surat	Bridgewater	NJ	United States
858	Judy	Washington	DC	United States
859	brian	Hagen	Lorraine	France
860	Rachel	Taicheng	Guangdong	China
861	Hilde	Groningen	Groningen	Netherlands
862	Tarja	Villars	Vaud	Switzerland
863	Megan	Huntersville	NC	United States
864	Charmain	Cartersburg	IN	United States
865	Katharina	Flower Mound	TX	United States
866	Zaneta	Rochester	MI	United States
867	Jeannette	Dubai	Dubayy	United Arab Emirates
868	Liz	Langnau	Zurich	Switzerland
869	Christiane	Mission	British Columbia	Canada
870	Cherie	Columbus	OH	United States
871	Shiree	Clondalkin	Dublin	Ireland
872	Tracey	Harold`s Cross	Dublin	Ireland
873	Scott	Sag Harbor	NY	United States
874	Frances	San Diego	CA	United States
875	Beatrice	Wilmington	DE	United States
876	Jessica	Toronto	Ontario	Canada
877	Alison	Issaquah	WA	United States
878	elaine	Phuket	Phuket	Thailand
879	Chevonne	Athina	Attiki	Greece
880	danielle	Geneve	Geneve	Switzerland
881	Caroline and Jonathan	Chichester	England	United Kingdom
882	manuela	Massagno	Ticino	Switzerland
883	Carole	Cardiff	Wales	United Kingdom
884	Ghislaine	Ferney-Voltaire	Rhone-Alpes	France
885	Christian	Mableton	GA	United States
886	Hollie	San Diego	CA	United States
887	mike	La Louviere	Hainaut	Belgium
888	Malahat	Minneapolis	MN	United States
889	Michaela	Mafra	Santa Catarina	Brazil
890	Amy	Ashford	England	United Kingdom
891	Brandi	Edmonton	Alberta	Canada
892	erin	London	England	United Kingdom
893	Tracy	Lucca	Tuscany	Italy
894	Polyxene	Perth	Western Australia	Australia
895	Jean	Arlington	VA	United States
896	Andrea	Calgary	Alberta	Canada
897	Jessica	Chiefland	FL	United States
898	David	Stavenger	Rogaland	Norway
899	Caroline	Begnins	Vaud	Switzerland
900	Riche Lou	Newton	MA	United States
901	Chris	Den Haag	Zuid-Holland	Netherlands
902	Karen	Berikon	Aargau	Switzerland
903	melanie	Santa Barbaraa	Heredia	Costa Rica
904	beatrice	Churra	Murcia	Spain
905	lorna	Castle Rock	CO	United States
906	Tary	Zug	Zug	Switzerland
907	Julie	Ashford	England	United Kingdom
908	Julie	Rockville	MD	United States
909	Jerome	Madrid	Madrid	Spain
910	Laleh	Aasgaardstrand	Vestfold	Norway
911	Michael	Milano	Lombardy	Italy
912	Kerry	Anieres	Geneve	Switzerland
913	Anita	Fresno	TX	United States
914	Veronique	Fresno	TX	United States
915	Sarah	Warwick	Quebec	Canada
916	Simone	Watford	England	United Kingdom
917	Jackie	Waterford	Waterford	Ireland
918	giovanna	Pruszkow	Mazowieckie	Poland
919	Elizabeth	Hamilton	Hamilton	Bermuda
920	Lisa	Ottawa	Ontario	Canada
921	Maki	Montgomery	TX	United States
922	Anjan	Tokyo	Tokyo	Japan
923	Sarah	Manteno	IL	United States
924	Niamh	Benoni	Gauteng	South Africa
925	elizabeth r	Winter Haven	FL	United States
926	Elaine	Tranby	Buskerud	Norway
927	Elizabeth	Cork	Cork	Ireland
928	Sara	Fort Lauderdale	FL	United States
929	Tulin	Cranberry Twp	PA	United States
930	Kenneth	Arlington	VA	United States
931	Fiona	Lake Ronkonkoma	NY	United States
932	Christian	Alexandria	VA	United States
933	Michel	Lipari	Sicilia	Italy
934	natalie	Lipari	Sicilia	Italy
935	jure	Lipari	Sicilia	Italy
936	Elizabeth	Bluffton	SC	United States
937	Juliann	Winter Spgs	FL	United States
938	Julie	Chelmsford	MA	United States
939	philippa katherine	Cabinteely	Dublin	Ireland
940	Anthony	Toronto	Ontario	Canada
941	matthew	Cincinnati	OH	United States
942	Steven	Houston	TX	United States
943	Angie	Rodeo	CA	United States
944	Lauren	Poughkeepsie	NY	United States
945	Esther	Cincinnati	OH	United States
946	Elizabeth	North Eastham	MA	United States
947	marie-louise	Sitka	AK	United States
948	Tanya	Carcross	Yukon Territory	Canada
949	Detlev	Taby	Stockholm	Sweden
950	Stephen	Calgary	Alberta	Canada
951	Roza	Alcobendas	Madrid	Spain
952	John	Chicago	IL	United States
953	paula	Sammamish	WA	United States
954	Kathryn	Waiau Pa	Auckland	New Zealand
955	Isabelle	Ewa Beach	HI	United States
956	Maureen	Statesville	NC	United States
957	David	Kapaa	HI	United States
958	caterina	Burbank	CA	United States
959	Parth	Oegstgeest	Zuid-Holland	Netherlands
960	Alexia	Blackrock	Dublin	Ireland
961	Gloria Gail	WalcProduct3ee	Tyrol	Austria
962	Gloria Gail	Foxrock	Dublin	Ireland
963	Cheryl	Hilton Head	SC	United States
964	Frank and Christelle	Valley Center	CA	United States
965	Triona	Swampscott	MA	United States
966	Allison	Edinburgh	Scotland	United Kingdom
967	Phillip	San Antonio	TX	United States
968	jingyan	Bristol	RI	United States
969	clara	Perth	Western Australia	Australia
970	Selma	Greenville	TX	United States
971	Doug and Tina	Pls Vrds Est	CA	United States
972	Lauren	Hradec Kralove	East Bohemia	Czech Republic
973	Jen	Maidstone	England	United Kingdom
974	gladys	Saint Albans	England	United Kingdom
975	Gustavo	Voluntari	Bucuresti	Romania
976	Erica	Nadur	NULL	Malta
977	Hale	Morrison	CO	United States
978	Rosemary	Cobham	England	United Kingdom
979	Darian	Izmir	Izmir	Turkey
980	Kevin	Hollywood	CA	United States
981	Alyssa	Brighton	England	United Kingdom
982	Hale	Hawera	Taranaki	New Zealand
983	KELI	Worongary	Queensland	Australia
984	Glen	Atlantida	Guatemala	Guatemala
985	T	El Escorial	Madrid	Spain
986	christal	Morrison	CO	United States
987	Alex	Augusta	GA	United States
988	Anke	Avalon	New South Wales	Australia
989	TRICIA	Sydney	New South Wales	Australia
990	smith	Lahti	Etela-Suomen Laani	Finland
991	Macy	Inner City	Vienna	Austria
992	Lesleigh	Baden	Aargau	Switzerland
993	esther	Huddersfield	England	United Kingdom
994	Hans-Joerg	Belfast	Northern Ireland	United Kingdom
995	Christiane	Black River	Black River	Mauritius
996	Pamela	Skaneateles	NY	United States
997	julie	Haverhill	England	United Kingdom
998	Julia	Madison	WI	United States
\.


--
-- Data for Name: products; Type: TABLE DATA; Schema: public; Owner: paulo
--

COPY public.products (id_product, product, days, price) FROM stdin;
1	Caribbean Tour	9	1200
2	Romantic Paris	3	3600
3	Inka trail	7	7500
\.


--
-- Data for Name: transactions; Type: TABLE DATA; Schema: public; Owner: paulo
--

COPY public.transactions (id_transaction, id_product, id_customer, transaction_date, payment_type, sold_by, contact, pos) FROM stdin;
1	1	1	2009-01-02 06:17:00	Mastercard	Holiday dreams	Jamie Lopez	Whatsapp
2	1	2	2009-01-02 04:53:00	Visa	Round `nd Around	Sarah Connor	Web
3	1	3	2009-01-02 13:08:00	Mastercard	Holiday dreams	Jamie Lopez	Facebook
4	1	4	2009-01-03 14:44:00	Visa	Elsa`s Holidays	Ella Hanne	Web
5	2	5	2009-01-04 12:56:00	Visa	Beautiful Earth	Janet Silva	Web
6	1	6	2009-01-04 13:19:00	Visa	Travel & Food	Ted Spice	Web
7	1	7	2009-01-04 20:11:00	Mastercard	Show you the world	Kamil Rendran	Web
8	1	8	2009-01-02 20:09:00	Mastercard	Holiday dreams	Jamie Lopez	Shop
9	1	9	2009-01-04 13:17:00	Mastercard	Salvatore`s tours	Sergie Salvatore	Whatsapp
10	1	10	2009-01-04 14:11:00	Visa	Bill & Gates Vacations	Billy Elliot	Web
11	1	11	2009-01-05 02:42:00	Diners	Salvatore`s tours	Sergie Salvatore	Shop
12	1	12	2009-01-05 05:39:00	Amex	Travel & Food	Ted Spice	Facebook
13	1	13	2009-01-02 09:16:00	Mastercard	Show you the world	Kamil Rendran	Web
14	1	14	2009-01-05 10:08:00	Visa	Show you the world	Kamil Rendran	Web
15	1	15	2009-01-02 14:18:00	Visa	Holiday dreams	Jamie Lopez	Facebook
16	1	16	2009-01-04 01:05:00	Diners	Elsa`s Holidays	Ella Hanne	Web
17	1	17	2009-01-05 11:37:00	Visa	High demand tours	Louis Ni	Facebook
18	1	18	2009-01-06 05:02:00	Diners	Round `nd Around	Sarah Connor	Facebook
19	2	19	2009-01-06 07:45:00	Visa	Round `nd Around	Sarah Connor	Shop
20	1	20	2009-01-02 07:35:00	Diners	Travel & Food	Ted Spice	Web
21	1	21	2009-01-06 12:56:00	Visa	Travel with Pets	Luna Croix	Web
22	1	22	2009-01-01 11:05:00	Diners	Round `nd Around	Sarah Connor	Web
23	1	23	2009-01-05 04:10:00	Mastercard	High demand tours	Louis Ni	Shop
24	1	24	2009-01-06 07:18:00	Visa	Mothers with Children	Milton Mala	Shop
25	1	25	2009-01-02 01:11:00	Mastercard	Show you the world	Kamil Rendran	Web
26	1	26	2009-01-01 02:24:00	Visa	Travel with Pets	Luna Croix	Shop
27	1	27	2009-01-07 08:08:00	Diners	Elsa`s Holidays	Ella Hanne	Web
28	1	28	2009-01-02 02:57:00	Visa	Elsa`s Holidays	Ella Hanne	Shop
29	1	29	2009-01-01 20:21:00	Visa	Salvatore`s tours	Sergie Salvatore	Facebook
30	1	30	2009-01-08 00:42:00	Visa	Holiday dreams	Jamie Lopez	Shop
31	1	31	2009-01-08 03:56:00	Mastercard	Round `nd Around	Sarah Connor	Web
32	1	32	2009-01-08 03:16:00	Mastercard	Travel & Food	Ted Spice	Whatsapp
33	1	33	2009-01-08 01:59:00	Mastercard	Elsa`s Holidays	Ella Hanne	Shop
34	1	34	2009-01-03 09:03:00	Diners	Travel & Food	Ted Spice	Web
35	1	35	2009-01-05 13:17:00	Mastercard	Travel & Food	Ted Spice	Shop
36	1	36	2009-01-06 07:46:00	Amex	Beautiful Earth	Janet Silva	Whatsapp
37	2	37	2009-01-05 20:00:00	Visa	Salvatore`s tours	Sergie Salvatore	Shop
38	1	38	2009-01-08 16:24:00	Visa	Beautiful Earth	Janet Silva	Web
39	1	39	2009-01-09 06:39:00	Mastercard	Bill & Gates Vacations	Billy Elliot	Web
40	2	40	2009-01-06 22:19:00	Amex	High demand tours	Louis Ni	Facebook
41	2	41	2009-01-06 23:00:00	Amex	Round `nd Around	Sarah Connor	Facebook
42	1	42	2009-01-07 07:44:00	Mastercard	Elsa`s Holidays	Ella Hanne	Web
43	1	43	2009-01-03 13:24:00	Visa	High demand tours	Louis Ni	Web
44	2	44	2009-01-07 15:12:00	Visa	Salvatore`s tours	Sergie Salvatore	Shop
45	1	45	2009-01-07 20:15:00	Amex	High demand tours	Louis Ni	Web
46	2	46	2009-01-03 10:11:00	Visa	Elsa`s Holidays	Ella Hanne	Whatsapp
47	1	47	2009-01-09 15:58:00	Mastercard	Mothers with Children	Milton Mala	Shop
48	1	48	2009-01-03 13:11:00	Mastercard	Holiday dreams	Jamie Lopez	Whatsapp
49	1	49	2009-01-10 12:57:00	Amex	High demand tours	Louis Ni	Facebook
50	1	50	2009-01-10 14:43:00	Diners	Beautiful Earth	Janet Silva	Facebook
51	1	51	2009-01-10 12:05:00	Visa	Salvatore`s tours	Sergie Salvatore	Web
52	1	52	2009-01-06 01:20:00	Mastercard	Mothers with Children	Milton Mala	Whatsapp
53	1	53	2009-01-10 14:56:00	Visa	Travel & Food	Ted Spice	Web
54	1	54	2009-01-07 10:01:00	Visa	Mothers with Children	Milton Mala	Shop
55	1	55	2009-01-01 01:26:00	Mastercard	Elsa`s Holidays	Ella Hanne	Web
56	1	56	2009-01-11 02:04:00	Visa	Bill & Gates Vacations	Billy Elliot	Whatsapp
57	1	57	2009-01-11 14:17:00	Visa	Salvatore`s tours	Sergie Salvatore	Web
58	1	58	2009-01-10 21:38:00	Visa	Mothers with Children	Milton Mala	Web
59	1	59	2009-01-07 06:18:00	Mastercard	Round `nd Around	Sarah Connor	Shop
60	2	60	2009-01-04 08:39:00	Diners	Salvatore`s tours	Sergie Salvatore	Whatsapp
61	1	61	2009-01-05 00:31:00	Mastercard	Salvatore`s tours	Sergie Salvatore	Facebook
62	1	62	2009-01-02 06:07:00	Visa	Bill & Gates Vacations	Billy Elliot	Shop
63	1	63	2009-01-12 03:25:00	Mastercard	Elsa`s Holidays	Ella Hanne	Facebook
64	1	64	2009-01-04 13:56:00	Mastercard	Round `nd Around	Sarah Connor	Shop
65	2	65	2009-01-07 00:12:00	Mastercard	Show you the world	Kamil Rendran	Web
66	1	66	2009-01-12 05:18:00	Mastercard	Beautiful Earth	Janet Silva	Whatsapp
67	1	67	2009-01-08 15:16:00	Visa	Travel & Food	Ted Spice	Whatsapp
68	1	68	2009-01-11 11:33:00	Visa	Elsa`s Holidays	Ella Hanne	Shop
69	1	69	2009-01-07 20:22:00	Visa	Travel & Food	Ted Spice	Shop
70	1	70	2009-01-02 22:00:00	Diners	Bill & Gates Vacations	Billy Elliot	Shop
71	1	71	2009-01-05 13:52:00	Mastercard	Round `nd Around	Sarah Connor	Shop
72	1	72	2009-01-08 20:32:00	Visa	Round `nd Around	Sarah Connor	Shop
73	1	73	2009-01-08 13:34:00	Visa	Travel with Pets	Luna Croix	Facebook
74	1	74	2009-01-11 13:08:00	Visa	Mothers with Children	Milton Mala	Whatsapp
75	1	75	2009-01-12 19:04:00	Visa	Bill & Gates Vacations	Billy Elliot	Facebook
76	1	76	2009-01-12 13:41:00	Visa	Round `nd Around	Sarah Connor	Web
77	1	77	2009-01-11 10:38:00	Mastercard	Elsa`s Holidays	Ella Hanne	Facebook
78	1	78	2009-01-13 05:57:00	Visa	Round `nd Around	Sarah Connor	Web
79	1	79	2009-01-13 06:13:00	Visa	Show you the world	Kamil Rendran	Web
80	1	80	2009-01-08 13:14:00	Visa	Elsa`s Holidays	Ella Hanne	Whatsapp
81	1	81	2009-01-02 11:41:00	Visa	Bill & Gates Vacations	Billy Elliot	Shop
82	1	82	2009-01-07 19:50:00	Diners	Bill & Gates Vacations	Billy Elliot	Facebook
83	1	83	2009-01-01 20:28:00	Visa	Bill & Gates Vacations	Billy Elliot	Shop
84	1	84	2009-01-03 15:22:00	Mastercard	Round `nd Around	Sarah Connor	Shop
85	2	85	2009-01-12 03:03:00	Mastercard	Travel with Pets	Luna Croix	Shop
86	2	86	2009-01-05 08:58:00	Mastercard	Bill & Gates Vacations	Billy Elliot	Whatsapp
87	1	87	2009-01-10 14:03:00	Mastercard	Holiday dreams	Jamie Lopez	Whatsapp
88	1	88	2009-01-13 11:26:00	Visa	Show you the world	Kamil Rendran	Web
89	1	89	2009-01-02 12:18:00	Visa	Show you the world	Kamil Rendran	Web
90	1	90	2009-01-14 04:54:00	Mastercard	Beautiful Earth	Janet Silva	Web
91	1	91	2009-01-06 17:15:00	Visa	Holiday dreams	Jamie Lopez	Facebook
92	1	92	2009-01-03 13:56:00	Visa	Bill & Gates Vacations	Billy Elliot	Facebook
93	1	93	2009-01-04 07:54:00	Visa	Bill & Gates Vacations	Billy Elliot	Facebook
94	1	94	2009-01-12 07:28:00	Amex	Mothers with Children	Milton Mala	Web
95	1	95	2009-01-06 15:15:00	Mastercard	Travel & Food	Ted Spice	Facebook
96	1	96	2009-01-13 23:56:00	Mastercard	Show you the world	Kamil Rendran	Shop
97	1	97	2009-01-14 19:32:00	Visa	Show you the world	Kamil Rendran	Shop
98	1	98	2009-01-06 21:13:00	Visa	Salvatore`s tours	Sergie Salvatore	Shop
99	1	99	2009-01-14 11:19:00	Visa	Holiday dreams	Jamie Lopez	Whatsapp
100	1	100	2009-01-13 19:39:00	Visa	Show you the world	Kamil Rendran	Facebook
101	1	101	2009-01-08 07:26:00	Mastercard	Mothers with Children	Milton Mala	Web
102	1	102	2009-01-15 02:40:00	Mastercard	Holiday dreams	Jamie Lopez	Facebook
103	1	103	2009-01-12 06:40:00	Visa	Travel & Food	Ted Spice	Shop
104	1	104	2009-01-15 03:43:00	Visa	Mothers with Children	Milton Mala	Web
105	1	105	2009-01-05 15:39:00	Visa	Travel & Food	Ted Spice	Whatsapp
106	1	106	2009-01-10 05:21:00	Amex	Round `nd Around	Sarah Connor	Facebook
107	1	107	2009-01-15 04:12:00	Mastercard	Bill & Gates Vacations	Billy Elliot	Facebook
108	1	108	2009-01-12 11:48:00	Visa	Travel & Food	Ted Spice	Facebook
109	1	109	2009-01-06 10:48:00	Mastercard	Holiday dreams	Jamie Lopez	Shop
110	1	110	2009-01-14 09:10:00	Mastercard	Show you the world	Kamil Rendran	Shop
111	1	111	2009-01-14 22:44:00	Visa	High demand tours	Louis Ni	Web
112	1	112	2009-01-06 07:23:00	Visa	High demand tours	Louis Ni	Whatsapp
113	1	113	2009-01-01 05:04:00	Mastercard	Salvatore`s tours	Sergie Salvatore	Whatsapp
114	1	114	2009-01-15 11:56:00	Visa	Salvatore`s tours	Sergie Salvatore	Shop
115	1	115	2009-01-15 11:58:00	Visa	Travel with Pets	Luna Croix	Web
116	1	116	2009-01-12 09:43:00	Diners	Salvatore`s tours	Sergie Salvatore	Facebook
117	1	117	2009-01-15 12:33:00	Visa	Elsa`s Holidays	Ella Hanne	Web
118	1	118	2009-01-14 11:35:00	Visa	Bill & Gates Vacations	Billy Elliot	Facebook
119	1	119	2009-01-14 15:40:00	Amex	Bill & Gates Vacations	Billy Elliot	Facebook
120	1	120	2009-01-03 11:08:00	Amex	Beautiful Earth	Janet Silva	Whatsapp
121	1	121	2009-01-12 01:37:00	Visa	Elsa`s Holidays	Ella Hanne	Whatsapp
122	1	122	2009-01-16 07:21:00	Mastercard	Travel with Pets	Luna Croix	Web
123	1	123	2009-01-15 12:54:00	Mastercard	Salvatore`s tours	Sergie Salvatore	Shop
124	1	124	2009-01-07 07:19:00	Amex	Salvatore`s tours	Sergie Salvatore	Web
125	1	125	2009-01-03 09:56:00	Visa	Travel & Food	Ted Spice	Shop
126	1	126	2009-01-16 17:41:00	Visa	Travel & Food	Ted Spice	Whatsapp
127	1	127	2009-01-05 05:33:00	Visa	Beautiful Earth	Janet Silva	Web
128	1	128	2009-01-02 00:50:00	Visa	Mothers with Children	Milton Mala	Facebook
129	1	129	2009-01-13 01:51:00	Visa	Beautiful Earth	Janet Silva	Web
130	1	130	2009-01-15 10:24:00	Visa	Holiday dreams	Jamie Lopez	Shop
131	1	131	2009-01-11 08:59:00	Visa	Elsa`s Holidays	Ella Hanne	Shop
132	1	132	2009-01-15 15:56:00	Amex	Show you the world	Kamil Rendran	Whatsapp
133	1	133	2009-01-01 12:19:00	Visa	Travel with Pets	Luna Croix	Web
134	1	134	2009-01-06 14:03:00	Visa	Beautiful Earth	Janet Silva	Facebook
135	1	135	2009-01-09 15:32:00	Diners	Elsa`s Holidays	Ella Hanne	Facebook
136	1	136	2009-01-17 12:59:00	Diners	Holiday dreams	Jamie Lopez	Facebook
137	1	137	2009-01-12 12:37:00	Visa	Holiday dreams	Jamie Lopez	Whatsapp
138	1	138	2009-01-04 07:43:00	Mastercard	Round `nd Around	Sarah Connor	Facebook
139	1	139	2009-01-17 16:22:00	Visa	Bill & Gates Vacations	Billy Elliot	Whatsapp
140	1	140	2009-01-01 03:51:00	Mastercard	Round `nd Around	Sarah Connor	Whatsapp
141	1	141	2009-01-18 05:27:00	Visa	Show you the world	Kamil Rendran	Facebook
142	1	142	2009-01-18 05:15:00	Diners	Beautiful Earth	Janet Silva	Shop
143	1	143	2009-01-01 01:51:00	Mastercard	Holiday dreams	Jamie Lopez	Facebook
144	1	144	2009-01-18 06:30:00	Visa	Elsa`s Holidays	Ella Hanne	Web
145	1	145	2009-01-11 10:51:00	Mastercard	Beautiful Earth	Janet Silva	Shop
146	1	146	2009-01-04 17:02:00	Mastercard	Travel & Food	Ted Spice	Facebook
147	1	147	2009-01-17 01:23:00	Amex	Travel with Pets	Luna Croix	Shop
148	1	148	2009-01-18 02:16:00	Visa	Salvatore`s tours	Sergie Salvatore	Shop
149	2	149	2009-01-18 11:34:00	Visa	Show you the world	Kamil Rendran	Web
150	1	150	2009-01-18 04:38:00	Visa	Travel & Food	Ted Spice	Shop
151	3	151	2009-01-18 13:26:00	Mastercard	Elsa`s Holidays	Ella Hanne	Facebook
152	1	152	2009-01-18 11:53:00	Visa	Mothers with Children	Milton Mala	Whatsapp
153	1	153	2009-01-18 12:04:00	Visa	Elsa`s Holidays	Ella Hanne	Whatsapp
154	1	154	2009-01-13 19:54:00	Diners	Show you the world	Kamil Rendran	Shop
155	1	155	2009-01-05 21:06:00	Mastercard	Bill & Gates Vacations	Billy Elliot	Shop
156	1	156	2009-01-14 06:32:00	Visa	Mothers with Children	Milton Mala	Web
157	1	157	2009-01-04 23:48:00	Diners	Mothers with Children	Milton Mala	Web
158	2	158	2009-01-18 16:32:00	Visa	Salvatore`s tours	Sergie Salvatore	Shop
159	2	159	2009-01-18 17:04:00	Visa	Elsa`s Holidays	Ella Hanne	Shop
160	2	160	2009-01-18 17:20:00	Visa	Elsa`s Holidays	Ella Hanne	Facebook
161	2	161	2009-01-18 17:39:00	Visa	High demand tours	Louis Ni	Whatsapp
162	1	162	2009-01-11 11:20:00	Visa	Elsa`s Holidays	Ella Hanne	Shop
163	1	163	2009-01-13 20:59:00	Mastercard	Show you the world	Kamil Rendran	Whatsapp
164	1	164	2009-01-12 16:50:00	Visa	Salvatore`s tours	Sergie Salvatore	Shop
165	1	165	2009-01-12 15:12:00	Mastercard	Salvatore`s tours	Sergie Salvatore	Facebook
166	1	166	2009-01-06 12:27:00	Mastercard	Beautiful Earth	Janet Silva	Facebook
167	1	167	2009-01-09 18:52:00	Visa	Travel & Food	Ted Spice	Whatsapp
168	1	168	2009-01-18 23:17:00	Visa	Travel & Food	Ted Spice	Facebook
169	1	169	2009-01-07 08:21:00	Visa	Mothers with Children	Milton Mala	Facebook
170	1	170	2009-01-03 09:54:00	Visa	Holiday dreams	Jamie Lopez	Web
171	1	171	2009-01-05 19:37:00	Amex	Bill & Gates Vacations	Billy Elliot	Shop
172	1	172	2009-01-04 12:49:00	Diners	Travel & Food	Ted Spice	Web
173	2	173	2009-01-08 11:55:00	Visa	High demand tours	Louis Ni	Facebook
174	1	174	2009-01-14 18:21:00	Visa	High demand tours	Louis Ni	Facebook
175	1	175	2009-01-11 19:01:00	Diners	Show you the world	Kamil Rendran	Facebook
176	2	176	2009-01-14 05:20:00	Visa	Bill & Gates Vacations	Billy Elliot	Shop
177	1	177	2009-01-15 08:07:00	Visa	Travel with Pets	Luna Croix	Shop
178	1	178	2009-01-15 08:10:00	Visa	Salvatore`s tours	Sergie Salvatore	Shop
179	1	179	2009-01-02 17:45:00	Mastercard	Beautiful Earth	Janet Silva	Shop
180	1	180	2009-01-19 16:10:00	Mastercard	Show you the world	Kamil Rendran	Whatsapp
181	1	181	2009-01-19 16:55:00	Mastercard	Round `nd Around	Sarah Connor	Web
182	1	182	2009-01-10 17:41:00	Visa	Travel & Food	Ted Spice	Web
183	2	183	2009-01-18 13:49:00	Visa	Holiday dreams	Jamie Lopez	Shop
184	1	184	2009-01-15 05:47:00	Visa	Elsa`s Holidays	Ella Hanne	Facebook
185	1	185	2009-01-19 23:06:00	Mastercard	Travel & Food	Ted Spice	Shop
186	1	186	2009-01-19 11:12:00	Visa	Beautiful Earth	Janet Silva	Shop
187	1	187	2009-01-04 01:38:00	Amex	Elsa`s Holidays	Ella Hanne	Facebook
188	1	188	2009-01-20 03:11:00	Visa	Beautiful Earth	Janet Silva	Whatsapp
189	1	189	2009-01-03 10:52:00	Visa	Holiday dreams	Jamie Lopez	Whatsapp
190	3	190	2009-01-20 05:24:00	Mastercard	Bill & Gates Vacations	Billy Elliot	Facebook
191	1	191	2009-01-20 06:03:00	Mastercard	High demand tours	Louis Ni	Web
192	1	192	2009-01-10 11:37:00	Amex	Bill & Gates Vacations	Billy Elliot	Facebook
193	1	193	2009-01-20 05:50:00	Visa	Elsa`s Holidays	Ella Hanne	Shop
194	1	194	2009-01-19 16:32:00	Amex	Elsa`s Holidays	Ella Hanne	Web
195	1	195	2009-01-18 10:42:00	Visa	Travel & Food	Ted Spice	Web
196	2	196	2009-01-07 06:11:00	Visa	Bill & Gates Vacations	Billy Elliot	Shop
197	1	197	2009-01-03 08:29:00	Visa	Show you the world	Kamil Rendran	Facebook
198	1	198	2009-01-01 02:09:00	Mastercard	Elsa`s Holidays	Ella Hanne	Facebook
199	1	199	2009-01-20 12:34:00	Mastercard	Holiday dreams	Jamie Lopez	Whatsapp
200	1	200	2009-01-20 03:51:00	Visa	Show you the world	Kamil Rendran	Web
201	1	201	2009-01-15 11:26:00	Visa	Salvatore`s tours	Sergie Salvatore	Facebook
202	1	202	2009-01-05 16:55:00	Visa	Salvatore`s tours	Sergie Salvatore	Facebook
203	1	203	2009-01-12 19:47:00	Mastercard	Salvatore`s tours	Sergie Salvatore	Facebook
204	1	204	2009-01-04 19:20:00	Amex	Round `nd Around	Sarah Connor	Whatsapp
205	2	205	2009-01-10 08:33:00	Mastercard	Round `nd Around	Sarah Connor	Whatsapp
206	1	206	2009-01-09 14:51:00	Visa	Elsa`s Holidays	Ella Hanne	Whatsapp
207	3	207	2009-01-16 02:41:00	Visa	Holiday dreams	Jamie Lopez	Facebook
208	1	208	2009-01-16 18:36:00	Visa	Bill & Gates Vacations	Billy Elliot	Whatsapp
209	1	209	2009-01-20 08:10:00	Amex	Beautiful Earth	Janet Silva	Whatsapp
210	2	210	2009-01-06 12:45:00	Amex	Bill & Gates Vacations	Billy Elliot	Whatsapp
211	1	211	2009-01-10 08:13:00	Visa	Travel & Food	Ted Spice	Whatsapp
212	1	212	2009-01-07 14:15:00	Mastercard	Travel with Pets	Luna Croix	Facebook
213	1	213	2009-01-08 15:27:00	Mastercard	Round `nd Around	Sarah Connor	Whatsapp
214	1	214	2009-01-21 11:36:00	Visa	Elsa`s Holidays	Ella Hanne	Shop
215	1	215	2009-01-21 14:06:00	Visa	Round `nd Around	Sarah Connor	Facebook
216	1	216	2009-01-02 02:28:00	Mastercard	Beautiful Earth	Janet Silva	Whatsapp
217	1	217	2009-01-19 19:07:00	Diners	Holiday dreams	Jamie Lopez	Web
218	1	218	2009-01-18 06:27:00	Mastercard	Travel & Food	Ted Spice	Shop
219	1	219	2009-01-20 11:58:00	Mastercard	Elsa`s Holidays	Ella Hanne	Shop
220	1	220	2009-01-20 16:32:00	Visa	Travel & Food	Ted Spice	Web
221	1	221	2009-01-01 07:09:00	Amex	Round `nd Around	Sarah Connor	Web
222	1	222	2009-01-21 14:55:00	Diners	Elsa`s Holidays	Ella Hanne	Web
223	1	223	2009-01-07 22:29:00	Mastercard	Bill & Gates Vacations	Billy Elliot	Shop
224	2	224	2009-01-11 22:22:00	Visa	Travel & Food	Ted Spice	Facebook
225	1	225	2009-01-21 14:25:00	Visa	High demand tours	Louis Ni	Shop
226	1	226	2009-01-18 16:50:00	Visa	Travel with Pets	Luna Croix	Web
227	2	227	2009-01-21 12:08:00	Visa	Beautiful Earth	Janet Silva	Facebook
228	1	228	2009-01-22 06:41:00	Visa	Mothers with Children	Milton Mala	Whatsapp
229	1	229	2009-01-12 09:23:00	Mastercard	Travel & Food	Ted Spice	Shop
230	1	230	2009-01-22 08:23:00	Visa	Elsa`s Holidays	Ella Hanne	Whatsapp
231	2	231	2009-01-03 06:41:00	Visa	Beautiful Earth	Janet Silva	Web
232	2	232	2009-01-01 12:20:00	Visa	Elsa`s Holidays	Ella Hanne	Facebook
233	2	233	2009-01-04 22:00:00	Amex	Holiday dreams	Jamie Lopez	Facebook
234	1	234	2009-01-21 02:15:00	Visa	Beautiful Earth	Janet Silva	Shop
235	1	235	2009-01-01 14:22:00	Mastercard	Mothers with Children	Milton Mala	Whatsapp
236	2	236	2009-01-16 01:07:00	Diners	Mothers with Children	Milton Mala	Web
237	1	237	2009-01-20 08:51:00	Visa	Travel & Food	Ted Spice	Shop
238	1	238	2009-01-04 09:02:00	Visa	Elsa`s Holidays	Ella Hanne	Shop
239	1	239	2009-01-06 08:34:00	Visa	Holiday dreams	Jamie Lopez	Shop
240	1	240	2009-01-08 04:16:00	Visa	Travel with Pets	Luna Croix	Whatsapp
241	2	241	2009-01-23 03:33:00	Mastercard	Beautiful Earth	Janet Silva	Shop
242	1	242	2009-01-06 04:18:00	Visa	Travel & Food	Ted Spice	Shop
243	1	243	2009-01-23 03:30:00	Amex	Holiday dreams	Jamie Lopez	Whatsapp
244	1	244	2009-01-10 04:04:00	Visa	Bill & Gates Vacations	Billy Elliot	Whatsapp
245	3	245	2009-01-05 02:57:00	Visa	Travel & Food	Ted Spice	Shop
246	1	246	2009-01-21 14:15:00	Amex	Mothers with Children	Milton Mala	Shop
247	1	247	2009-01-21 06:39:00	Amex	Bill & Gates Vacations	Billy Elliot	Shop
248	1	248	2009-01-19 08:14:00	Visa	Travel with Pets	Luna Croix	Facebook
249	1	249	2009-01-23 08:00:00	Diners	Holiday dreams	Jamie Lopez	Facebook
250	1	250	2009-01-22 23:35:00	Mastercard	Salvatore`s tours	Sergie Salvatore	Web
251	1	251	2009-01-14 03:09:00	Mastercard	Elsa`s Holidays	Ella Hanne	Shop
252	1	252	2009-01-16 01:51:00	Visa	Salvatore`s tours	Sergie Salvatore	Facebook
253	1	253	2009-01-01 06:29:00	Mastercard	Holiday dreams	Jamie Lopez	Web
254	1	254	2009-01-21 07:59:00	Visa	Salvatore`s tours	Sergie Salvatore	Web
255	2	255	2009-01-23 07:37:00	Amex	Show you the world	Kamil Rendran	Whatsapp
256	1	256	2009-01-18 14:39:00	Visa	Mothers with Children	Milton Mala	Web
257	2	257	2009-01-24 09:01:00	Visa	High demand tours	Louis Ni	Facebook
258	1	258	2009-01-15 01:41:00	Diners	Holiday dreams	Jamie Lopez	Shop
259	1	259	2009-01-17 07:23:00	Visa	Travel with Pets	Luna Croix	Web
260	1	260	2009-01-23 11:37:00	Diners	Round `nd Around	Sarah Connor	Web
261	1	261	2009-01-19 15:02:00	Mastercard	Mothers with Children	Milton Mala	Facebook
262	2	262	2009-01-11 07:10:00	Visa	Salvatore`s tours	Sergie Salvatore	Facebook
263	1	263	2009-01-10 03:28:00	Visa	Show you the world	Kamil Rendran	Whatsapp
264	2	264	2009-01-07 19:03:00	Mastercard	Mothers with Children	Milton Mala	Web
265	1	265	2009-01-17 14:02:00	Visa	Travel & Food	Ted Spice	Facebook
266	1	266	2009-01-25 00:09:00	Visa	Show you the world	Kamil Rendran	Facebook
267	1	267	2009-01-09 14:27:00	Visa	Show you the world	Kamil Rendran	Facebook
268	1	268	2009-01-09 14:32:00	Visa	Mothers with Children	Milton Mala	Whatsapp
269	1	269	2009-01-11 15:59:00	Visa	Mothers with Children	Milton Mala	Facebook
270	2	270	2009-01-06 14:38:00	Mastercard	Show you the world	Kamil Rendran	Web
271	1	271	2009-01-06 09:52:00	Mastercard	Mothers with Children	Milton Mala	Whatsapp
272	1	272	2009-01-01 09:21:00	Diners	Mothers with Children	Milton Mala	Facebook
273	1	273	2009-01-03 07:58:00	Mastercard	Bill & Gates Vacations	Billy Elliot	Shop
274	1	274	2009-01-11 11:36:00	Mastercard	Travel & Food	Ted Spice	Web
275	1	275	2009-01-13 14:53:00	Visa	High demand tours	Louis Ni	Web
276	2	276	2009-01-01 10:06:00	Mastercard	Travel with Pets	Luna Croix	Shop
277	1	277	2009-01-16 05:07:00	Amex	Beautiful Earth	Janet Silva	Whatsapp
278	1	278	2009-01-06 16:37:00	Visa	High demand tours	Louis Ni	Web
279	1	279	2009-01-18 17:21:00	Mastercard	Elsa`s Holidays	Ella Hanne	Facebook
280	1	280	2009-01-13 15:18:00	Amex	Round `nd Around	Sarah Connor	Shop
281	1	281	2009-01-24 08:21:00	Mastercard	Travel & Food	Ted Spice	Web
282	1	282	2009-01-24 08:25:00	Mastercard	Travel & Food	Ted Spice	Shop
283	1	283	2009-01-18 13:06:00	Diners	Holiday dreams	Jamie Lopez	Facebook
284	1	284	2009-01-22 18:44:00	Visa	Salvatore`s tours	Sergie Salvatore	Web
285	1	285	2009-01-08 08:58:00	Mastercard	Show you the world	Kamil Rendran	Web
286	1	286	2009-01-04 09:54:00	Mastercard	Round `nd Around	Sarah Connor	Web
287	1	287	2009-01-13 20:22:00	Visa	Bill & Gates Vacations	Billy Elliot	Facebook
288	1	288	2009-01-09 10:22:00	Mastercard	Beautiful Earth	Janet Silva	Shop
289	1	289	2009-01-05 12:28:00	Visa	Beautiful Earth	Janet Silva	Shop
290	1	290	2009-01-26 03:43:00	Mastercard	Mothers with Children	Milton Mala	Web
291	2	291	2009-01-26 03:49:00	Mastercard	High demand tours	Louis Ni	Web
292	2	292	2009-01-11 13:16:00	Visa	Travel & Food	Ted Spice	Shop
293	1	293	2009-01-22 15:32:00	Mastercard	Travel & Food	Ted Spice	Shop
294	1	294	2009-01-09 14:25:00	Amex	Travel & Food	Ted Spice	Facebook
295	1	295	2009-01-21 11:28:00	Amex	Beautiful Earth	Janet Silva	Shop
296	1	296	2009-01-01 14:19:00	Mastercard	Elsa`s Holidays	Ella Hanne	Facebook
297	1	297	2009-01-26 04:30:00	Visa	Holiday dreams	Jamie Lopez	Web
298	1	298	2009-01-07 04:45:00	Amex	Round `nd Around	Sarah Connor	Whatsapp
299	1	299	2009-01-11 12:12:00	Visa	Travel with Pets	Luna Croix	Whatsapp
300	1	300	2009-01-26 10:24:00	Visa	Bill & Gates Vacations	Billy Elliot	Facebook
301	1	301	2009-01-26 08:58:00	Diners	Travel with Pets	Luna Croix	Whatsapp
302	1	302	2009-01-07 17:51:00	Visa	Mothers with Children	Milton Mala	Shop
303	1	303	2009-01-18 20:16:00	Mastercard	Elsa`s Holidays	Ella Hanne	Shop
304	1	304	2009-01-13 09:51:00	Mastercard	Bill & Gates Vacations	Billy Elliot	Web
305	1	305	2009-01-24 18:43:00	Visa	Travel & Food	Ted Spice	Web
306	1	306	2009-01-05 00:46:00	Amex	Travel with Pets	Luna Croix	Whatsapp
307	1	307	2009-01-09 01:12:00	Visa	Travel & Food	Ted Spice	Whatsapp
308	1	308	2009-01-26 06:25:00	Visa	Salvatore`s tours	Sergie Salvatore	Web
309	1	309	2009-01-21 16:57:00	Mastercard	Elsa`s Holidays	Ella Hanne	Shop
310	1	310	2009-01-05 05:33:00	Mastercard	Holiday dreams	Jamie Lopez	Shop
311	1	311	2009-01-27 05:10:00	Visa	Elsa`s Holidays	Ella Hanne	Whatsapp
312	1	312	2009-01-07 08:00:00	Mastercard	Travel & Food	Ted Spice	Shop
313	2	313	2009-01-20 07:08:00	Visa	Salvatore`s tours	Sergie Salvatore	Facebook
314	1	314	2009-01-27 02:26:00	Diners	Show you the world	Kamil Rendran	Whatsapp
315	1	315	2009-01-05 06:14:00	Mastercard	Holiday dreams	Jamie Lopez	Web
316	2	316	2009-01-13 08:11:00	Visa	Show you the world	Kamil Rendran	Web
317	1	317	2009-01-10 09:18:00	Diners	Beautiful Earth	Janet Silva	Web
318	1	318	2009-01-08 18:52:00	Visa	Salvatore`s tours	Sergie Salvatore	Shop
319	1	319	2009-01-12 10:06:00	Mastercard	Salvatore`s tours	Sergie Salvatore	Facebook
320	1	320	2009-01-01 19:25:00	Diners	Holiday dreams	Jamie Lopez	Facebook
321	1	321	2009-01-27 15:28:00	Visa	Elsa`s Holidays	Ella Hanne	Shop
322	1	322	2009-01-02 18:43:00	Visa	Round `nd Around	Sarah Connor	Web
323	1	323	2009-01-08 18:41:00	Diners	Travel with Pets	Luna Croix	Web
324	1	324	2009-01-04 18:34:00	Visa	Beautiful Earth	Janet Silva	Whatsapp
325	1	325	2009-01-25 08:32:00	Visa	Travel & Food	Ted Spice	Whatsapp
326	1	326	2009-01-23 22:19:00	Mastercard	Elsa`s Holidays	Ella Hanne	Web
327	1	327	2009-01-07 10:03:00	Mastercard	Mothers with Children	Milton Mala	Shop
328	1	328	2009-01-18 03:46:00	Visa	High demand tours	Louis Ni	Web
329	1	329	2009-01-28 00:40:00	Mastercard	Travel with Pets	Luna Croix	Facebook
330	1	330	2009-01-02 15:18:00	Diners	Elsa`s Holidays	Ella Hanne	Facebook
331	1	331	2009-01-18 13:59:00	Diners	Show you the world	Kamil Rendran	Shop
332	1	332	2009-01-16 09:54:00	Mastercard	Beautiful Earth	Janet Silva	Whatsapp
333	1	333	2009-01-28 07:07:00	Visa	Elsa`s Holidays	Ella Hanne	Whatsapp
334	1	334	2009-01-28 07:31:00	Visa	Elsa`s Holidays	Ella Hanne	Web
335	1	335	2009-01-18 12:32:00	Visa	Mothers with Children	Milton Mala	Shop
336	1	336	2009-01-13 14:05:00	Amex	Show you the world	Kamil Rendran	Shop
337	1	337	2009-01-28 07:49:00	Visa	Elsa`s Holidays	Ella Hanne	Whatsapp
338	1	338	2009-01-28 03:07:00	Visa	High demand tours	Louis Ni	Shop
339	1	339	2009-01-12 15:16:00	Visa	Show you the world	Kamil Rendran	Shop
340	2	340	2009-01-06 11:17:00	Visa	Show you the world	Kamil Rendran	Facebook
341	1	341	2009-01-23 09:49:00	Visa	Show you the world	Kamil Rendran	Web
342	1	342	2009-01-24 04:01:00	Visa	Travel with Pets	Luna Croix	Web
343	1	343	2009-01-25 18:21:00	Visa	Travel & Food	Ted Spice	Whatsapp
344	1	344	2009-01-15 10:51:00	Mastercard	Salvatore`s tours	Sergie Salvatore	Web
345	1	345	2009-01-02 05:14:00	Visa	Salvatore`s tours	Sergie Salvatore	Facebook
346	2	346	2009-01-09 10:35:00	Visa	Elsa`s Holidays	Ella Hanne	Web
347	1	347	2009-01-04 10:16:00	Mastercard	Round `nd Around	Sarah Connor	Facebook
348	1	348	2009-01-02 12:16:00	Mastercard	Travel & Food	Ted Spice	Facebook
349	1	349	2009-01-28 12:31:00	Diners	Beautiful Earth	Janet Silva	Shop
350	1	350	2009-01-14 12:07:00	Mastercard	Salvatore`s tours	Sergie Salvatore	Web
351	2	351	2009-01-16 07:20:00	Mastercard	Show you the world	Kamil Rendran	Whatsapp
352	1	352	2009-01-06 09:55:00	Mastercard	Mothers with Children	Milton Mala	Shop
353	1	353	2009-01-07 12:55:00	Amex	Elsa`s Holidays	Ella Hanne	Web
354	1	354	2009-01-19 12:14:00	Mastercard	Elsa`s Holidays	Ella Hanne	Shop
355	2	355	2009-01-13 15:19:00	Visa	Travel with Pets	Luna Croix	Whatsapp
356	1	356	2009-01-18 08:56:00	Mastercard	Holiday dreams	Jamie Lopez	Web
357	1	357	2009-01-04 17:54:00	Amex	Elsa`s Holidays	Ella Hanne	Facebook
358	1	358	2009-01-05 13:46:00	Visa	Holiday dreams	Jamie Lopez	Web
359	2	359	2009-01-05 10:49:00	Amex	High demand tours	Louis Ni	Web
360	1	360	2009-01-12 18:24:00	Diners	Travel & Food	Ted Spice	Facebook
361	1	361	2009-01-18 04:01:00	Visa	Travel with Pets	Luna Croix	Web
362	1	362	2009-01-16 10:58:00	Visa	Beautiful Earth	Janet Silva	Facebook
363	1	363	2009-01-13 08:20:00	Mastercard	Bill & Gates Vacations	Billy Elliot	Shop
364	1	364	2009-01-12 01:42:00	Mastercard	Travel with Pets	Luna Croix	Web
365	1	365	2009-01-28 13:07:00	Amex	Travel with Pets	Luna Croix	Whatsapp
366	1	366	2009-01-29 05:43:00	Visa	Mothers with Children	Milton Mala	Web
367	1	367	2009-01-29 05:30:00	Diners	Round `nd Around	Sarah Connor	Shop
368	1	368	2009-01-13 18:08:00	Amex	Bill & Gates Vacations	Billy Elliot	Web
369	1	369	2009-01-09 15:24:00	Mastercard	Travel & Food	Ted Spice	Shop
370	1	370	2009-01-23 15:33:00	Mastercard	Mothers with Children	Milton Mala	Whatsapp
371	1	371	2009-01-29 12:28:00	Mastercard	Bill & Gates Vacations	Billy Elliot	Web
372	1	372	2009-01-13 11:31:00	Visa	Bill & Gates Vacations	Billy Elliot	Web
373	2	373	2009-01-29 10:09:00	Mastercard	Travel & Food	Ted Spice	Facebook
374	1	374	2009-01-29 15:08:00	Visa	Salvatore`s tours	Sergie Salvatore	Shop
375	1	375	2009-01-04 05:12:00	Visa	Elsa`s Holidays	Ella Hanne	Facebook
376	2	376	2009-01-22 22:16:00	Mastercard	Travel with Pets	Luna Croix	Facebook
377	1	377	2009-01-05 19:26:00	Visa	Bill & Gates Vacations	Billy Elliot	Facebook
378	1	378	2009-01-11 12:22:00	Visa	Travel with Pets	Luna Croix	Whatsapp
379	1	379	2009-01-02 09:31:00	Visa	Travel with Pets	Luna Croix	Whatsapp
380	1	380	2009-01-05 11:21:00	Visa	Holiday dreams	Jamie Lopez	Facebook
381	1	381	2009-01-17 09:49:00	Diners	Beautiful Earth	Janet Silva	Shop
382	1	382	2009-01-28 01:38:00	Mastercard	Travel with Pets	Luna Croix	Web
383	1	383	2009-01-19 10:32:00	Mastercard	Bill & Gates Vacations	Billy Elliot	Whatsapp
384	1	384	2009-01-26 12:05:00	Mastercard	Holiday dreams	Jamie Lopez	Web
385	1	385	2009-01-07 18:53:00	Visa	Beautiful Earth	Janet Silva	Whatsapp
386	1	386	2009-01-26 11:38:00	Mastercard	Mothers with Children	Milton Mala	Facebook
387	1	387	2009-01-08 13:19:00	Mastercard	Round `nd Around	Sarah Connor	Shop
388	1	388	2009-01-11 14:56:00	Visa	Bill & Gates Vacations	Billy Elliot	Facebook
389	1	389	2009-01-30 20:36:00	Visa	Round `nd Around	Sarah Connor	Web
390	1	390	2009-01-01 08:09:00	Mastercard	Bill & Gates Vacations	Billy Elliot	Shop
391	1	391	2009-01-17 11:09:00	Mastercard	Beautiful Earth	Janet Silva	Shop
392	1	392	2009-01-31 07:22:00	Visa	Travel & Food	Ted Spice	Whatsapp
393	1	393	2009-01-31 09:12:00	Visa	Beautiful Earth	Janet Silva	Whatsapp
394	1	394	2009-01-31 08:56:00	Mastercard	Mothers with Children	Milton Mala	Whatsapp
395	1	395	2009-01-31 09:00:00	Visa	Beautiful Earth	Janet Silva	Facebook
396	1	396	2009-01-11 14:07:00	Visa	Round `nd Around	Sarah Connor	Web
397	2	397	2009-01-01 12:25:00	Mastercard	Salvatore`s tours	Sergie Salvatore	Shop
398	2	398	2009-01-31 11:14:00	Mastercard	Round `nd Around	Sarah Connor	Web
399	1	399	2009-01-02 09:57:00	Amex	Show you the world	Kamil Rendran	Web
400	1	400	2009-01-04 13:20:00	Mastercard	Holiday dreams	Jamie Lopez	Shop
401	1	401	2009-01-22 12:32:00	Mastercard	Mothers with Children	Milton Mala	Shop
402	1	402	2009-01-18 06:09:00	Mastercard	Travel & Food	Ted Spice	Web
403	1	403	2009-01-08 00:04:00	Visa	Elsa`s Holidays	Ella Hanne	Web
404	1	404	2009-01-24 07:14:00	Mastercard	Bill & Gates Vacations	Billy Elliot	Web
405	1	405	2009-01-24 11:05:00	Visa	Travel with Pets	Luna Croix	Whatsapp
406	1	406	2009-01-06 15:12:00	Amex	Show you the world	Kamil Rendran	Web
407	1	407	2009-01-24 17:06:00	Visa	Round `nd Around	Sarah Connor	Shop
408	1	408	2009-01-03 09:58:00	Visa	Round `nd Around	Sarah Connor	Web
409	1	409	2009-01-09 16:35:00	Diners	Show you the world	Kamil Rendran	Shop
410	1	410	2009-01-12 14:50:00	Visa	Mothers with Children	Milton Mala	Whatsapp
411	1	411	2009-01-07 13:49:00	Diners	Mothers with Children	Milton Mala	Shop
412	1	412	2009-01-09 19:41:00	Mastercard	Bill & Gates Vacations	Billy Elliot	Shop
413	1	413	2009-01-26 04:53:00	Visa	Holiday dreams	Jamie Lopez	Whatsapp
414	1	414	2009-01-23 21:41:00	Visa	Show you the world	Kamil Rendran	Web
415	1	415	2009-01-06 16:07:00	Visa	Round `nd Around	Sarah Connor	Web
416	1	416	2009-01-10 07:55:00	Visa	Salvatore`s tours	Sergie Salvatore	Shop
417	1	417	2009-01-28 20:44:00	Visa	Salvatore`s tours	Sergie Salvatore	Facebook
418	1	418	2009-01-09 03:38:00	Visa	Elsa`s Holidays	Ella Hanne	Shop
419	1	419	2009-01-19 08:52:00	Visa	Elsa`s Holidays	Ella Hanne	Web
420	1	420	2009-01-15 07:26:00	Mastercard	High demand tours	Louis Ni	Whatsapp
421	1	421	2009-01-30 19:12:00	Diners	Travel & Food	Ted Spice	Shop
422	1	422	2009-01-05 12:41:00	Mastercard	Salvatore`s tours	Sergie Salvatore	Shop
423	1	423	2009-01-28 20:59:00	Visa	Elsa`s Holidays	Ella Hanne	Whatsapp
424	1	424	2009-01-10 21:36:00	Visa	Salvatore`s tours	Sergie Salvatore	Shop
425	1	425	2009-01-25 19:59:00	Visa	Round `nd Around	Sarah Connor	Shop
426	1	426	2009-01-07 08:03:00	Amex	Travel with Pets	Luna Croix	Web
427	1	427	2009-01-21 09:07:00	Visa	High demand tours	Louis Ni	Web
428	1	428	2009-01-23 14:43:00	Visa	Travel & Food	Ted Spice	Shop
429	1	429	2009-01-05 13:07:00	Visa	Travel & Food	Ted Spice	Facebook
430	1	430	2009-01-06 03:39:00	Visa	Beautiful Earth	Janet Silva	Web
431	1	431	2009-01-15 15:26:00	Visa	Mothers with Children	Milton Mala	Shop
432	1	432	2009-01-23 04:47:00	Mastercard	High demand tours	Louis Ni	Facebook
433	2	433	2009-01-12 10:05:00	Amex	Salvatore`s tours	Sergie Salvatore	Whatsapp
434	1	434	2009-01-30 05:13:00	Visa	Round `nd Around	Sarah Connor	Web
435	3	435	2009-01-14 10:32:00	Mastercard	Round `nd Around	Sarah Connor	Whatsapp
436	1	436	2009-01-12 08:13:00	Amex	Salvatore`s tours	Sergie Salvatore	Shop
437	1	437	2009-01-27 08:11:00	Visa	Mothers with Children	Milton Mala	Web
438	1	438	2009-01-30 17:33:00	Visa	Salvatore`s tours	Sergie Salvatore	Whatsapp
439	1	439	2009-01-15 09:52:00	Amex	Mothers with Children	Milton Mala	Facebook
440	1	440	2009-01-13 11:54:00	Visa	Elsa`s Holidays	Ella Hanne	Web
441	1	441	2009-01-21 11:00:00	Visa	Round `nd Around	Sarah Connor	Facebook
442	1	442	2009-01-16 11:49:00	Mastercard	Show you the world	Kamil Rendran	Shop
443	1	443	2009-01-01 09:35:00	Mastercard	Travel & Food	Ted Spice	Web
444	1	444	2009-01-13 05:58:00	Mastercard	Beautiful Earth	Janet Silva	Whatsapp
445	2	445	2009-01-06 16:08:00	Visa	Travel with Pets	Luna Croix	Facebook
446	1	446	2009-01-05 10:25:00	Amex	Salvatore`s tours	Sergie Salvatore	Whatsapp
447	1	447	2009-01-04 21:08:00	Mastercard	Salvatore`s tours	Sergie Salvatore	Facebook
448	1	448	2009-01-12 20:43:00	Visa	Travel with Pets	Luna Croix	Shop
449	1	449	2009-01-17 03:22:00	Visa	Round `nd Around	Sarah Connor	Shop
450	1	450	2009-01-18 11:17:00	Amex	Round `nd Around	Sarah Connor	Whatsapp
451	1	451	2009-01-27 09:01:00	Visa	Show you the world	Kamil Rendran	Shop
452	1	452	2009-01-08 08:11:00	Diners	Show you the world	Kamil Rendran	Facebook
453	2	453	2009-01-26 23:28:00	Amex	High demand tours	Louis Ni	Whatsapp
454	1	454	2009-01-10 21:35:00	Mastercard	Elsa`s Holidays	Ella Hanne	Web
455	1	455	2009-01-11 06:01:00	Mastercard	High demand tours	Louis Ni	Web
456	1	456	2009-01-19 14:53:00	Mastercard	Elsa`s Holidays	Ella Hanne	Web
457	1	457	2009-01-22 07:14:00	Visa	Mothers with Children	Milton Mala	Web
458	1	458	2009-01-15 08:12:00	Visa	Travel with Pets	Luna Croix	Shop
459	1	459	2009-01-07 06:33:00	Diners	Mothers with Children	Milton Mala	Shop
460	1	460	2009-01-12 08:05:00	Amex	High demand tours	Louis Ni	Whatsapp
461	2	461	2009-01-28 13:03:00	Amex	Travel & Food	Ted Spice	Whatsapp
462	1	462	2009-01-25 08:54:00	Amex	Round `nd Around	Sarah Connor	Facebook
463	1	463	2009-01-05 10:08:00	Visa	Beautiful Earth	Janet Silva	Whatsapp
464	1	464	2009-01-05 19:29:00	Visa	High demand tours	Louis Ni	Facebook
465	2	465	2009-01-07 19:06:00	Amex	Round `nd Around	Sarah Connor	Shop
466	1	466	2009-01-23 11:33:00	Mastercard	Holiday dreams	Jamie Lopez	Facebook
467	1	467	2009-01-03 21:11:00	Mastercard	Travel with Pets	Luna Croix	Whatsapp
468	1	468	2009-01-11 17:28:00	Visa	Mothers with Children	Milton Mala	Web
469	1	469	2009-01-21 20:18:00	Amex	Holiday dreams	Jamie Lopez	Web
470	1	470	2009-01-24 10:23:00	Visa	Travel with Pets	Luna Croix	Shop
471	1	471	2009-01-07 14:55:00	Visa	Show you the world	Kamil Rendran	Shop
472	1	472	2009-01-29 10:38:00	Visa	Beautiful Earth	Janet Silva	Whatsapp
473	1	473	2009-01-08 14:04:00	Amex	Mothers with Children	Milton Mala	Shop
474	1	474	2009-01-31 21:50:00	Visa	Mothers with Children	Milton Mala	Shop
475	1	475	2009-01-01 16:00:00	Visa	Elsa`s Holidays	Ella Hanne	Whatsapp
476	1	476	2009-01-30 13:13:00	Visa	Bill & Gates Vacations	Billy Elliot	Facebook
477	1	477	2009-01-27 16:50:00	Visa	Elsa`s Holidays	Ella Hanne	Web
478	1	478	2009-01-30 07:42:00	Visa	Travel & Food	Ted Spice	Facebook
479	2	479	2009-01-17 15:48:00	Visa	Round `nd Around	Sarah Connor	Facebook
480	2	480	2009-01-12 11:40:00	Visa	Holiday dreams	Jamie Lopez	Facebook
481	1	481	2009-01-30 20:27:00	Mastercard	High demand tours	Louis Ni	Shop
482	1	482	2009-01-27 18:35:00	Mastercard	Elsa`s Holidays	Ella Hanne	Facebook
483	1	483	2009-01-16 12:47:00	Visa	Round `nd Around	Sarah Connor	Shop
484	1	484	2009-01-02 02:50:00	Visa	Bill & Gates Vacations	Billy Elliot	Web
485	1	485	2009-01-21 05:39:00	Amex	Bill & Gates Vacations	Billy Elliot	Web
486	1	486	2009-01-28 01:28:00	Diners	Round `nd Around	Sarah Connor	Facebook
487	1	487	2009-01-08 13:33:00	Visa	Holiday dreams	Jamie Lopez	Facebook
488	1	488	2009-01-22 12:09:00	Visa	Salvatore`s tours	Sergie Salvatore	Whatsapp
489	1	489	2009-01-20 08:23:00	Mastercard	Travel & Food	Ted Spice	Shop
490	1	490	2009-01-02 07:47:00	Diners	Mothers with Children	Milton Mala	Whatsapp
491	1	491	2009-01-11 04:55:00	Amex	High demand tours	Louis Ni	Whatsapp
492	1	492	2009-01-23 07:47:00	Amex	Bill & Gates Vacations	Billy Elliot	Web
493	1	493	2009-01-21 23:19:00	Amex	Show you the world	Kamil Rendran	Facebook
494	3	494	2009-01-11 04:29:00	Visa	Salvatore`s tours	Sergie Salvatore	Web
495	1	495	2009-01-11 04:39:00	Visa	Round `nd Around	Sarah Connor	Whatsapp
496	1	496	2009-01-10 08:13:00	Mastercard	Mothers with Children	Milton Mala	Whatsapp
497	1	497	2009-01-22 12:55:00	Visa	Show you the world	Kamil Rendran	Whatsapp
498	1	498	2009-01-17 15:00:00	Visa	Round `nd Around	Sarah Connor	Shop
499	1	499	2009-01-04 14:06:00	Visa	Travel with Pets	Luna Croix	Web
500	1	500	2009-01-30 17:09:00	Mastercard	Show you the world	Kamil Rendran	Web
501	1	501	2009-01-20 05:01:00	Visa	Salvatore`s tours	Sergie Salvatore	Shop
502	1	502	2009-01-26 14:37:00	Visa	Mothers with Children	Milton Mala	Whatsapp
503	1	503	2009-01-29 13:27:00	Visa	Holiday dreams	Jamie Lopez	Shop
504	1	504	2009-01-12 10:33:00	Amex	High demand tours	Louis Ni	Facebook
505	1	505	2009-01-05 08:28:00	Visa	Elsa`s Holidays	Ella Hanne	Whatsapp
506	3	506	2009-01-25 16:11:00	Visa	Round `nd Around	Sarah Connor	Shop
507	1	507	2009-01-25 20:44:00	Visa	Beautiful Earth	Janet Silva	Facebook
508	1	508	2009-01-26 11:36:00	Visa	High demand tours	Louis Ni	Web
509	1	509	2009-01-27 02:32:00	Visa	Show you the world	Kamil Rendran	Whatsapp
510	1	510	2009-01-18 13:36:00	Amex	Mothers with Children	Milton Mala	Whatsapp
511	1	511	2009-01-07 05:53:00	Visa	Elsa`s Holidays	Ella Hanne	Facebook
512	3	512	2009-01-25 01:53:00	Visa	Show you the world	Kamil Rendran	Web
513	1	513	2009-01-18 11:42:00	Visa	Show you the world	Kamil Rendran	Facebook
514	1	514	2009-01-13 01:46:00	Mastercard	Travel & Food	Ted Spice	Shop
515	1	515	2009-01-02 15:57:00	Diners	Mothers with Children	Milton Mala	Facebook
516	1	516	2009-01-25 08:50:00	Mastercard	Round `nd Around	Sarah Connor	Whatsapp
517	2	517	2009-01-14 08:16:00	Amex	High demand tours	Louis Ni	Shop
518	1	518	2009-01-27 11:21:00	Mastercard	Beautiful Earth	Janet Silva	Whatsapp
519	1	519	2009-01-08 10:13:00	Diners	Mothers with Children	Milton Mala	Web
520	1	520	2009-01-05 07:47:00	Amex	High demand tours	Louis Ni	Whatsapp
521	1	521	2009-01-22 09:00:00	Visa	Travel with Pets	Luna Croix	Web
522	1	522	2009-01-25 12:59:00	Visa	Mothers with Children	Milton Mala	Web
523	2	523	2009-01-10 19:28:00	Visa	Show you the world	Kamil Rendran	Facebook
524	2	524	2009-01-08 19:29:00	Mastercard	Elsa`s Holidays	Ella Hanne	Facebook
525	1	525	2009-01-08 12:04:00	Visa	Beautiful Earth	Janet Silva	Shop
526	1	526	2009-01-04 16:59:00	Visa	Travel with Pets	Luna Croix	Whatsapp
527	1	527	2009-01-30 11:56:00	Mastercard	Show you the world	Kamil Rendran	Whatsapp
528	1	528	2009-01-06 05:10:00	Visa	High demand tours	Louis Ni	Facebook
529	1	529	2009-01-14 03:39:00	Visa	Travel & Food	Ted Spice	Facebook
530	1	530	2009-01-14 03:47:00	Visa	Show you the world	Kamil Rendran	Whatsapp
531	1	531	2009-01-19 03:19:00	Mastercard	High demand tours	Louis Ni	Web
532	1	532	2009-01-07 01:42:00	Mastercard	Mothers with Children	Milton Mala	Web
533	2	533	2009-01-07 13:01:00	Visa	Round `nd Around	Sarah Connor	Web
534	1	534	2009-01-27 02:35:00	Visa	Beautiful Earth	Janet Silva	Web
535	1	535	2009-01-03 14:14:00	Visa	Travel with Pets	Luna Croix	Web
536	2	536	2009-01-22 12:37:00	Amex	Travel & Food	Ted Spice	Web
537	1	537	2009-01-29 06:49:00	Mastercard	Beautiful Earth	Janet Silva	Web
538	1	538	2009-01-06 09:45:00	Diners	Travel with Pets	Luna Croix	Whatsapp
539	1	539	2009-01-12 11:16:00	Visa	Beautiful Earth	Janet Silva	Web
540	1	540	2009-01-13 13:49:00	Visa	High demand tours	Louis Ni	Web
541	1	541	2009-01-12 07:23:00	Visa	Elsa`s Holidays	Ella Hanne	Shop
542	1	542	2009-01-30 04:48:00	Visa	Salvatore`s tours	Sergie Salvatore	Web
543	1	543	2009-01-22 16:29:00	Visa	Show you the world	Kamil Rendran	Shop
544	1	544	2009-01-27 06:26:00	Mastercard	Travel & Food	Ted Spice	Facebook
545	3	545	2009-01-15 10:16:00	Visa	Travel with Pets	Luna Croix	Facebook
546	1	546	2009-01-19 18:54:00	Amex	Beautiful Earth	Janet Silva	Web
547	2	547	2009-01-02 22:44:00	Visa	Salvatore`s tours	Sergie Salvatore	Whatsapp
548	1	548	2009-01-01 18:32:00	Amex	Bill & Gates Vacations	Billy Elliot	Shop
549	1	549	2009-01-14 01:28:00	Mastercard	Travel with Pets	Luna Croix	Web
550	1	550	2009-01-20 08:08:00	Mastercard	Bill & Gates Vacations	Billy Elliot	Web
551	1	551	2009-01-29 02:48:00	Visa	Bill & Gates Vacations	Billy Elliot	Facebook
552	1	552	2009-01-24 18:02:00	Visa	Holiday dreams	Jamie Lopez	Whatsapp
553	1	553	2009-01-07 08:26:00	Diners	Mothers with Children	Milton Mala	Shop
554	1	554	2009-01-24 03:36:00	Visa	Round `nd Around	Sarah Connor	Web
555	1	555	2009-01-05 15:23:00	Visa	Elsa`s Holidays	Ella Hanne	Whatsapp
556	1	556	2009-01-25 16:17:00	Amex	Round `nd Around	Sarah Connor	Whatsapp
557	1	557	2009-01-15 10:37:00	Visa	Salvatore`s tours	Sergie Salvatore	Shop
558	1	558	2009-01-20 15:28:00	Visa	High demand tours	Louis Ni	Shop
559	1	559	2009-01-28 18:00:00	Visa	Round `nd Around	Sarah Connor	Whatsapp
560	1	560	2009-01-29 05:06:00	Amex	Bill & Gates Vacations	Billy Elliot	Shop
561	1	561	2009-01-06 18:53:00	Visa	Beautiful Earth	Janet Silva	Whatsapp
562	1	562	2009-01-21 06:55:00	Visa	Beautiful Earth	Janet Silva	Facebook
563	1	563	2009-01-26 20:18:00	Mastercard	Travel with Pets	Luna Croix	Web
564	2	564	2009-01-25 17:58:00	Visa	High demand tours	Louis Ni	Facebook
565	1	565	2009-01-09 14:37:00	Visa	Holiday dreams	Jamie Lopez	Web
566	2	566	2009-01-25 02:46:00	Visa	Salvatore`s tours	Sergie Salvatore	Facebook
567	2	567	2009-01-17 20:46:00	Visa	Holiday dreams	Jamie Lopez	Shop
568	2	568	2009-01-24 07:18:00	Visa	Elsa`s Holidays	Ella Hanne	Facebook
569	1	569	2009-01-11 07:09:00	Visa	Travel & Food	Ted Spice	Shop
570	1	570	2009-01-08 04:15:00	Visa	Beautiful Earth	Janet Silva	Facebook
571	1	571	2009-01-22 10:47:00	Visa	High demand tours	Louis Ni	Shop
572	1	572	2009-01-26 20:47:00	Mastercard	Round `nd Around	Sarah Connor	Web
573	1	573	2009-01-12 12:22:00	Mastercard	Round `nd Around	Sarah Connor	Facebook
574	2	574	2009-01-26 01:44:00	Visa	Bill & Gates Vacations	Billy Elliot	Web
575	1	575	2009-01-18 12:57:00	Mastercard	Travel with Pets	Luna Croix	Web
576	1	576	2009-01-24 21:26:00	Visa	Travel with Pets	Luna Croix	Shop
577	2	577	2009-01-26 12:26:00	Mastercard	Elsa`s Holidays	Ella Hanne	Whatsapp
578	1	578	2009-01-05 07:37:00	Visa	Holiday dreams	Jamie Lopez	Facebook
579	1	579	2009-01-14 12:33:00	Visa	High demand tours	Louis Ni	Whatsapp
580	2	580	2009-01-14 00:15:00	Visa	Round `nd Around	Sarah Connor	Facebook
581	1	581	2009-01-01 12:42:00	Visa	Holiday dreams	Jamie Lopez	Whatsapp
582	1	582	2009-01-06 06:07:00	Visa	Holiday dreams	Jamie Lopez	Facebook
583	2	583	2009-01-15 05:11:00	Visa	Elsa`s Holidays	Ella Hanne	Whatsapp
584	1	584	2009-01-17 04:03:00	Visa	Round `nd Around	Sarah Connor	Web
585	2	585	2009-01-19 10:13:00	Mastercard	Travel & Food	Ted Spice	Web
586	1	586	2009-01-18 09:42:00	Visa	Beautiful Earth	Janet Silva	Facebook
587	1	587	2009-01-09 11:14:00	Visa	Bill & Gates Vacations	Billy Elliot	Shop
588	1	588	2009-01-10 13:42:00	Visa	Travel & Food	Ted Spice	Shop
589	1	589	2009-01-07 07:28:00	Amex	Travel with Pets	Luna Croix	Facebook
590	1	590	2009-01-18 06:46:00	Visa	Travel with Pets	Luna Croix	Shop
591	1	591	2009-01-30 12:18:00	Mastercard	Round `nd Around	Sarah Connor	Shop
592	1	592	2009-01-06 05:42:00	Amex	Show you the world	Kamil Rendran	Whatsapp
593	2	593	2009-01-02 10:58:00	Visa	High demand tours	Louis Ni	Facebook
594	1	594	2009-01-08 03:29:00	Visa	Show you the world	Kamil Rendran	Facebook
595	2	595	2009-01-12 13:23:00	Amex	Salvatore`s tours	Sergie Salvatore	Facebook
596	1	596	2009-01-19 09:34:00	Amex	Travel & Food	Ted Spice	Facebook
597	1	597	2009-01-09 07:49:00	Visa	High demand tours	Louis Ni	Shop
598	2	598	2009-01-15 05:27:00	Visa	Beautiful Earth	Janet Silva	Web
599	1	599	2009-01-08 23:40:00	Visa	Holiday dreams	Jamie Lopez	Shop
600	1	600	2009-01-27 11:02:00	Mastercard	Bill & Gates Vacations	Billy Elliot	Shop
601	1	601	2009-01-14 13:23:00	Diners	Travel & Food	Ted Spice	Facebook
602	1	602	2009-01-07 20:01:00	Visa	High demand tours	Louis Ni	Whatsapp
603	1	603	2009-01-20 12:32:00	Visa	Travel with Pets	Luna Croix	Web
604	1	604	2009-01-06 14:35:00	Diners	Mothers with Children	Milton Mala	Web
605	1	605	2009-01-04 06:51:00	Visa	Travel & Food	Ted Spice	Shop
606	1	606	2009-01-24 18:30:00	Visa	Salvatore`s tours	Sergie Salvatore	Web
607	1	607	2009-01-25 05:57:00	Amex	Round `nd Around	Sarah Connor	Whatsapp
608	2	608	2009-01-05 10:02:00	Visa	Mothers with Children	Milton Mala	Shop
609	1	609	2009-01-13 09:14:00	Visa	Elsa`s Holidays	Ella Hanne	Shop
610	1	610	2009-01-22 07:35:00	Visa	Holiday dreams	Jamie Lopez	Whatsapp
611	1	611	2009-01-02 11:06:00	Mastercard	Salvatore`s tours	Sergie Salvatore	Web
612	1	612	2009-01-11 09:50:00	Visa	High demand tours	Louis Ni	Facebook
613	1	613	2009-01-21 20:44:00	Mastercard	Travel & Food	Ted Spice	Facebook
614	1	614	2009-01-05 09:09:00	Visa	Mothers with Children	Milton Mala	Shop
615	1	615	2009-01-05 12:41:00	Visa	Show you the world	Kamil Rendran	Facebook
616	2	616	2009-01-28 12:54:00	Mastercard	Holiday dreams	Jamie Lopez	Web
617	1	617	2009-01-21 04:46:00	Visa	Elsa`s Holidays	Ella Hanne	Web
618	1	618	2009-01-07 13:28:00	Visa	Salvatore`s tours	Sergie Salvatore	Whatsapp
619	2	619	2009-01-27 11:18:00	Amex	Travel & Food	Ted Spice	Whatsapp
620	2	620	2009-01-07 12:39:00	Visa	Salvatore`s tours	Sergie Salvatore	Shop
621	2	621	2009-01-24 13:54:00	Mastercard	Show you the world	Kamil Rendran	Facebook
622	1	622	2009-01-30 06:48:00	Mastercard	High demand tours	Louis Ni	Facebook
623	1	623	2009-01-22 18:07:00	Visa	Travel with Pets	Luna Croix	Web
624	1	624	2009-01-29 15:03:00	Visa	Beautiful Earth	Janet Silva	Facebook
625	1	625	2009-01-02 14:14:00	Diners	Salvatore`s tours	Sergie Salvatore	Facebook
626	1	626	2009-01-19 11:05:00	Visa	Bill & Gates Vacations	Billy Elliot	Facebook
627	1	627	2009-01-28 16:17:00	Mastercard	Round `nd Around	Sarah Connor	Web
628	1	628	2009-01-08 12:46:00	Mastercard	Elsa`s Holidays	Ella Hanne	Facebook
629	1	629	2009-01-29 16:07:00	Diners	Salvatore`s tours	Sergie Salvatore	Web
630	1	630	2009-01-29 13:41:00	Visa	Mothers with Children	Milton Mala	Facebook
631	1	631	2009-01-08 06:29:00	Visa	Holiday dreams	Jamie Lopez	Web
632	1	632	2009-01-04 12:53:00	Diners	Elsa`s Holidays	Ella Hanne	Whatsapp
633	1	633	2009-01-14 12:55:00	Visa	Travel with Pets	Luna Croix	Web
634	1	634	2009-01-14 06:35:00	Visa	Salvatore`s tours	Sergie Salvatore	Shop
635	1	635	2009-01-27 13:08:00	Mastercard	High demand tours	Louis Ni	Facebook
636	1	636	2009-01-31 23:09:00	Diners	Holiday dreams	Jamie Lopez	Facebook
637	1	637	2009-01-21 14:34:00	Mastercard	Show you the world	Kamil Rendran	Facebook
638	1	638	2009-01-16 08:28:00	Visa	Elsa`s Holidays	Ella Hanne	Web
639	1	639	2009-01-11 09:55:00	Visa	Travel & Food	Ted Spice	Shop
640	1	640	2009-01-08 02:46:00	Mastercard	Bill & Gates Vacations	Billy Elliot	Web
641	1	641	2009-01-26 07:11:00	Visa	Bill & Gates Vacations	Billy Elliot	Whatsapp
642	2	642	2009-01-31 05:39:00	Mastercard	Show you the world	Kamil Rendran	Whatsapp
643	1	643	2009-01-09 08:35:00	Amex	Salvatore`s tours	Sergie Salvatore	Facebook
644	1	644	2009-01-24 03:25:00	Visa	Travel with Pets	Luna Croix	Web
645	1	645	2009-01-26 08:45:00	Visa	Mothers with Children	Milton Mala	Facebook
646	1	646	2009-01-23 10:45:00	Visa	Holiday dreams	Jamie Lopez	Facebook
647	1	647	2009-01-28 08:50:00	Visa	Bill & Gates Vacations	Billy Elliot	Facebook
648	2	648	2009-01-15 19:10:00	Diners	Travel with Pets	Luna Croix	Web
649	1	649	2009-01-09 20:25:00	Diners	Show you the world	Kamil Rendran	Web
650	1	650	2009-01-15 21:53:00	Visa	Bill & Gates Vacations	Billy Elliot	Shop
651	1	651	2009-01-12 00:17:00	Mastercard	Holiday dreams	Jamie Lopez	Shop
652	1	652	2009-01-25 10:32:00	Mastercard	Mothers with Children	Milton Mala	Web
653	1	653	2009-01-12 23:35:00	Visa	Mothers with Children	Milton Mala	Shop
654	1	654	2009-01-11 06:09:00	Amex	Show you the world	Kamil Rendran	Web
655	1	655	2009-01-03 13:35:00	Mastercard	Round `nd Around	Sarah Connor	Shop
656	2	656	2009-01-18 11:03:00	Amex	Salvatore`s tours	Sergie Salvatore	Whatsapp
657	1	657	2009-01-05 18:55:00	Visa	Travel with Pets	Luna Croix	Web
658	1	658	2009-01-02 18:54:00	Mastercard	Mothers with Children	Milton Mala	Facebook
659	2	659	2009-01-13 14:44:00	Visa	High demand tours	Louis Ni	Web
660	1	660	2009-01-04 04:05:00	Mastercard	Show you the world	Kamil Rendran	Shop
661	1	661	2009-01-27 12:47:00	Visa	Travel & Food	Ted Spice	Web
662	1	662	2009-01-22 06:51:00	Visa	Round `nd Around	Sarah Connor	Shop
663	1	663	2009-01-01 21:40:00	Mastercard	Holiday dreams	Jamie Lopez	Web
664	1	664	2009-01-27 18:06:00	Visa	Round `nd Around	Sarah Connor	Web
665	1	665	2009-01-10 14:59:00	Amex	Travel & Food	Ted Spice	Shop
666	1	666	2009-01-26 15:42:00	Visa	High demand tours	Louis Ni	Shop
667	1	667	2009-01-12 14:37:00	Mastercard	Travel & Food	Ted Spice	Whatsapp
668	1	668	2009-01-16 07:58:00	Amex	Show you the world	Kamil Rendran	Shop
669	1	669	2009-01-22 14:32:00	Visa	Round `nd Around	Sarah Connor	Shop
670	1	670	2009-01-19 06:50:00	Visa	High demand tours	Louis Ni	Whatsapp
671	1	671	2009-01-24 11:54:00	Visa	Show you the world	Kamil Rendran	Facebook
672	1	672	2009-01-13 13:36:00	Visa	Elsa`s Holidays	Ella Hanne	Web
673	1	673	2009-01-13 11:56:00	Diners	Elsa`s Holidays	Ella Hanne	Whatsapp
674	1	674	2009-01-19 07:49:00	Amex	Bill & Gates Vacations	Billy Elliot	Facebook
675	1	675	2009-01-10 07:37:00	Visa	Salvatore`s tours	Sergie Salvatore	Whatsapp
676	1	676	2009-01-20 05:53:00	Diners	Elsa`s Holidays	Ella Hanne	Shop
677	1	677	2009-01-06 10:34:00	Mastercard	Travel & Food	Ted Spice	Whatsapp
678	1	678	2009-01-23 05:14:00	Visa	Mothers with Children	Milton Mala	Shop
679	1	679	2009-01-14 16:02:00	Mastercard	Salvatore`s tours	Sergie Salvatore	Web
680	1	680	2009-01-14 18:05:00	Visa	Travel with Pets	Luna Croix	Whatsapp
681	1	681	2009-01-08 20:52:00	Visa	Salvatore`s tours	Sergie Salvatore	Web
682	1	682	2009-01-07 13:57:00	Visa	Travel with Pets	Luna Croix	Web
683	1	683	2009-01-25 10:34:00	Amex	Travel & Food	Ted Spice	Facebook
684	1	684	2009-01-28 04:35:00	Diners	Holiday dreams	Jamie Lopez	Facebook
685	1	685	2009-01-19 03:25:00	Visa	Show you the world	Kamil Rendran	Facebook
686	2	686	2009-01-18 00:41:00	Visa	Bill & Gates Vacations	Billy Elliot	Whatsapp
687	1	687	2009-01-27 02:38:00	Visa	Bill & Gates Vacations	Billy Elliot	Whatsapp
688	1	688	2009-01-16 06:04:00	Mastercard	Travel & Food	Ted Spice	Web
689	1	689	2009-01-05 05:30:00	Visa	Show you the world	Kamil Rendran	Facebook
690	1	690	2009-01-09 14:55:00	Visa	Show you the world	Kamil Rendran	Whatsapp
691	1	691	2009-01-29 10:07:00	Visa	Mothers with Children	Milton Mala	Facebook
692	1	692	2009-01-27 03:55:00	Amex	Round `nd Around	Sarah Connor	Web
693	2	693	2009-01-25 12:35:00	Visa	Show you the world	Kamil Rendran	Facebook
694	1	694	2009-01-03 16:56:00	Visa	High demand tours	Louis Ni	Web
695	1	695	2009-01-12 12:04:00	Visa	Bill & Gates Vacations	Billy Elliot	Web
696	1	696	2009-01-27 03:19:00	Mastercard	Salvatore`s tours	Sergie Salvatore	Facebook
697	1	697	2009-01-24 09:30:00	Visa	High demand tours	Louis Ni	Facebook
698	1	698	2009-01-25 18:33:00	Visa	Travel & Food	Ted Spice	Whatsapp
699	1	699	2009-01-15 11:43:00	Visa	Salvatore`s tours	Sergie Salvatore	Whatsapp
700	2	700	2009-01-23 16:30:00	Amex	Round `nd Around	Sarah Connor	Web
701	1	701	2009-01-05 12:57:00	Diners	Holiday dreams	Jamie Lopez	Web
702	1	702	2009-01-29 16:52:00	Visa	Travel with Pets	Luna Croix	Whatsapp
703	1	703	2009-01-10 00:04:00	Mastercard	Travel & Food	Ted Spice	Whatsapp
704	2	704	2009-01-03 14:17:00	Visa	Travel & Food	Ted Spice	Facebook
705	1	705	2009-01-15 09:00:00	Visa	Travel & Food	Ted Spice	Whatsapp
706	1	706	2009-01-24 20:58:00	Visa	Travel with Pets	Luna Croix	Facebook
707	1	707	2009-01-10 11:53:00	Visa	Salvatore`s tours	Sergie Salvatore	Shop
708	1	708	2009-01-04 17:34:00	Mastercard	Travel & Food	Ted Spice	Whatsapp
709	1	709	2009-01-28 00:22:00	Visa	Bill & Gates Vacations	Billy Elliot	Whatsapp
710	1	710	2009-01-17 01:49:00	Mastercard	Beautiful Earth	Janet Silva	Web
711	1	711	2009-01-25 17:48:00	Visa	Travel & Food	Ted Spice	Facebook
712	2	712	2009-01-22 05:39:00	Visa	High demand tours	Louis Ni	Facebook
713	2	713	2009-01-19 15:40:00	Visa	Travel with Pets	Luna Croix	Whatsapp
714	1	714	2009-01-21 23:52:00	Visa	Bill & Gates Vacations	Billy Elliot	Whatsapp
715	1	715	2009-01-19 13:15:00	Visa	Holiday dreams	Jamie Lopez	Whatsapp
716	1	716	2009-01-16 07:35:00	Diners	High demand tours	Louis Ni	Shop
717	2	717	2009-01-22 09:48:00	Mastercard	Round `nd Around	Sarah Connor	Whatsapp
718	2	718	2009-01-18 12:05:00	Visa	Beautiful Earth	Janet Silva	Shop
719	1	719	2009-01-04 10:44:00	Diners	Travel with Pets	Luna Croix	Shop
720	1	720	2009-01-20 14:55:00	Mastercard	Mothers with Children	Milton Mala	Shop
721	1	721	2009-01-02 18:41:00	Visa	Elsa`s Holidays	Ella Hanne	Whatsapp
722	1	722	2009-01-02 07:03:00	Visa	Beautiful Earth	Janet Silva	Web
723	1	723	2009-01-21 07:19:00	Visa	Round `nd Around	Sarah Connor	Web
724	2	724	2009-01-11 17:52:00	Visa	Salvatore`s tours	Sergie Salvatore	Facebook
725	1	725	2009-01-16 17:56:00	Mastercard	Mothers with Children	Milton Mala	Web
726	1	726	2009-01-09 20:00:00	Visa	Beautiful Earth	Janet Silva	Web
727	1	727	2009-01-13 02:47:00	Visa	Mothers with Children	Milton Mala	Web
728	2	728	2009-01-19 04:23:00	Mastercard	Elsa`s Holidays	Ella Hanne	Facebook
729	1	729	2009-01-13 12:51:00	Visa	Travel & Food	Ted Spice	Whatsapp
730	1	730	2009-01-29 07:40:00	Amex	Beautiful Earth	Janet Silva	Facebook
731	1	731	2009-01-21 04:34:00	Visa	Show you the world	Kamil Rendran	Whatsapp
732	1	732	2009-01-07 13:28:00	Mastercard	Travel with Pets	Luna Croix	Whatsapp
733	1	733	2009-01-26 16:47:00	Visa	Salvatore`s tours	Sergie Salvatore	Web
734	1	734	2009-01-29 01:01:00	Diners	Round `nd Around	Sarah Connor	Shop
735	1	735	2009-01-25 12:55:00	Amex	Travel & Food	Ted Spice	Facebook
736	1	736	2009-01-24 13:35:00	Visa	Show you the world	Kamil Rendran	Shop
737	1	737	2009-01-28 13:30:00	Visa	Show you the world	Kamil Rendran	Web
738	1	738	2009-01-20 19:08:00	Amex	Salvatore`s tours	Sergie Salvatore	Shop
739	1	739	2009-01-29 17:13:00	Amex	Bill & Gates Vacations	Billy Elliot	Shop
740	1	740	2009-01-02 05:33:00	Visa	Elsa`s Holidays	Ella Hanne	Web
741	1	741	2009-01-31 11:03:00	Visa	Holiday dreams	Jamie Lopez	Whatsapp
742	1	742	2009-01-13 09:16:00	Visa	High demand tours	Louis Ni	Shop
743	1	743	2009-01-19 12:38:00	Visa	Elsa`s Holidays	Ella Hanne	Shop
744	2	744	2009-01-18 12:14:00	Mastercard	Beautiful Earth	Janet Silva	Web
745	1	745	2009-01-22 10:59:00	Visa	Mothers with Children	Milton Mala	Facebook
746	1	746	2009-01-14 07:30:00	Visa	Elsa`s Holidays	Ella Hanne	Shop
747	1	747	2009-01-19 01:52:00	Amex	High demand tours	Louis Ni	Web
748	1	748	2009-01-08 23:00:00	Visa	Travel & Food	Ted Spice	Whatsapp
749	1	749	2009-01-25 07:29:00	Diners	Bill & Gates Vacations	Billy Elliot	Whatsapp
750	1	750	2009-01-17 15:19:00	Visa	Salvatore`s tours	Sergie Salvatore	Whatsapp
751	1	751	2009-01-23 12:23:00	Mastercard	High demand tours	Louis Ni	Shop
752	1	752	2009-01-24 08:45:00	Visa	High demand tours	Louis Ni	Facebook
753	2	753	2009-01-27 03:45:00	Visa	High demand tours	Louis Ni	Whatsapp
754	1	754	2009-01-29 23:48:00	Visa	Beautiful Earth	Janet Silva	Web
755	1	755	2009-01-03 18:43:00	Visa	High demand tours	Louis Ni	Facebook
756	2	756	2009-01-24 17:18:00	Visa	Elsa`s Holidays	Ella Hanne	Facebook
757	1	757	2009-01-02 15:13:00	Visa	Mothers with Children	Milton Mala	Facebook
758	1	758	2009-01-08 10:44:00	Visa	Mothers with Children	Milton Mala	Facebook
759	1	759	2009-01-29 08:13:00	Mastercard	High demand tours	Louis Ni	Shop
760	1	760	2009-01-24 10:26:00	Visa	Salvatore`s tours	Sergie Salvatore	Web
761	1	761	2009-01-24 12:56:00	Visa	Travel & Food	Ted Spice	Whatsapp
762	1	762	2009-01-07 13:38:00	Mastercard	Round `nd Around	Sarah Connor	Facebook
763	1	763	2009-01-23 15:38:00	Visa	High demand tours	Louis Ni	Facebook
764	1	764	2009-01-26 14:43:00	Visa	Salvatore`s tours	Sergie Salvatore	Web
765	1	765	2009-01-17 20:33:00	Amex	Travel & Food	Ted Spice	Facebook
766	1	766	2009-01-05 09:15:00	Visa	Salvatore`s tours	Sergie Salvatore	Shop
767	1	767	2009-01-20 08:16:00	Mastercard	Salvatore`s tours	Sergie Salvatore	Whatsapp
768	1	768	2009-01-29 12:46:00	Visa	Mothers with Children	Milton Mala	Shop
769	1	769	2009-01-15 18:12:00	Diners	Show you the world	Kamil Rendran	Facebook
770	1	770	2009-01-23 13:55:00	Mastercard	Salvatore`s tours	Sergie Salvatore	Web
771	1	771	2009-01-26 10:26:00	Visa	Mothers with Children	Milton Mala	Shop
772	1	772	2009-01-12 11:48:00	Mastercard	Travel with Pets	Luna Croix	Whatsapp
773	1	773	2009-01-29 15:20:00	Mastercard	High demand tours	Louis Ni	Web
774	1	774	2009-01-28 07:26:00	Visa	Beautiful Earth	Janet Silva	Whatsapp
775	2	775	2009-01-14 00:03:00	Mastercard	Mothers with Children	Milton Mala	Web
776	1	776	2009-01-13 01:55:00	Mastercard	Show you the world	Kamil Rendran	Facebook
777	1	777	2009-01-12 23:21:00	Mastercard	Show you the world	Kamil Rendran	Whatsapp
778	1	778	2009-01-22 02:16:00	Visa	Travel & Food	Ted Spice	Whatsapp
779	1	779	2009-01-29 12:53:00	Visa	Round `nd Around	Sarah Connor	Web
780	1	780	2009-01-28 11:36:00	Diners	Bill & Gates Vacations	Billy Elliot	Shop
781	1	781	2009-01-19 06:50:00	Amex	Beautiful Earth	Janet Silva	Shop
782	1	782	2009-01-30 05:20:00	Visa	High demand tours	Louis Ni	Web
783	1	783	2009-01-19 14:06:00	Mastercard	Round `nd Around	Sarah Connor	Whatsapp
784	1	784	2009-01-08 09:43:00	Visa	Bill & Gates Vacations	Billy Elliot	Facebook
785	2	785	2009-01-23 09:09:00	Amex	Beautiful Earth	Janet Silva	Whatsapp
786	1	786	2009-01-20 08:58:00	Visa	Show you the world	Kamil Rendran	Whatsapp
787	1	787	2009-01-02 13:35:00	Visa	Holiday dreams	Jamie Lopez	Web
788	1	788	2009-01-09 15:03:00	Visa	Elsa`s Holidays	Ella Hanne	Web
789	1	789	2009-01-23 07:04:00	Amex	Salvatore`s tours	Sergie Salvatore	Web
790	1	790	2009-01-17 10:14:00	Mastercard	Elsa`s Holidays	Ella Hanne	Facebook
791	1	791	2009-01-19 16:16:00	Mastercard	High demand tours	Louis Ni	Web
792	1	792	2009-01-20 13:54:00	Mastercard	Salvatore`s tours	Sergie Salvatore	Whatsapp
793	1	793	2009-01-23 21:35:00	Visa	Beautiful Earth	Janet Silva	Web
794	1	794	2009-01-21 23:41:00	Visa	Salvatore`s tours	Sergie Salvatore	Whatsapp
795	1	795	2009-01-21 04:11:00	Visa	Round `nd Around	Sarah Connor	Web
796	1	796	2009-01-10 03:43:00	Visa	Round `nd Around	Sarah Connor	Web
797	2	797	2009-01-15 18:08:00	Amex	Round `nd Around	Sarah Connor	Facebook
798	2	798	2009-01-20 14:48:00	Visa	Beautiful Earth	Janet Silva	Web
799	1	799	2009-01-21 11:56:00	Visa	Travel with Pets	Luna Croix	Facebook
800	2	800	2009-01-30 06:18:00	Mastercard	Round `nd Around	Sarah Connor	Shop
801	1	801	2009-01-12 17:28:00	Amex	Show you the world	Kamil Rendran	Facebook
802	2	802	2009-01-29 08:27:00	Visa	Show you the world	Kamil Rendran	Web
803	1	803	2009-01-24 12:43:00	Visa	Round `nd Around	Sarah Connor	Shop
804	2	804	2009-01-07 10:49:00	Visa	Travel & Food	Ted Spice	Web
805	1	805	2009-01-11 17:06:00	Visa	Salvatore`s tours	Sergie Salvatore	Web
806	1	806	2009-01-30 06:17:00	Visa	Beautiful Earth	Janet Silva	Shop
807	1	807	2009-01-07 10:52:00	Visa	Mothers with Children	Milton Mala	Facebook
808	1	808	2009-01-27 06:20:00	Mastercard	High demand tours	Louis Ni	Shop
809	1	809	2009-01-21 20:02:00	Mastercard	Elsa`s Holidays	Ella Hanne	Facebook
810	1	810	2009-01-04 16:23:00	Visa	High demand tours	Louis Ni	Whatsapp
811	1	811	2009-01-06 12:26:00	Visa	Salvatore`s tours	Sergie Salvatore	Whatsapp
812	1	812	2009-01-11 04:34:00	Visa	Travel & Food	Ted Spice	Web
813	1	813	2009-01-17 06:39:00	Diners	High demand tours	Louis Ni	Web
814	1	814	2009-01-04 03:41:00	Mastercard	Travel with Pets	Luna Croix	Web
815	3	815	2009-01-12 05:50:00	Mastercard	Beautiful Earth	Janet Silva	Whatsapp
816	1	816	2009-01-03 13:43:00	Mastercard	Travel with Pets	Luna Croix	Shop
817	1	817	2009-01-11 06:51:00	Visa	Mothers with Children	Milton Mala	Facebook
818	1	818	2009-01-17 06:23:00	Visa	Holiday dreams	Jamie Lopez	Web
819	1	819	2009-01-26 18:38:00	Visa	Salvatore`s tours	Sergie Salvatore	Whatsapp
820	1	820	2009-01-31 13:26:00	Visa	Elsa`s Holidays	Ella Hanne	Facebook
821	2	821	2009-01-21 02:20:00	Visa	High demand tours	Louis Ni	Shop
822	1	822	2009-01-18 13:25:00	Visa	Show you the world	Kamil Rendran	Web
823	1	823	2009-01-18 18:57:00	Mastercard	Beautiful Earth	Janet Silva	Shop
824	1	824	2009-01-31 01:59:00	Visa	Holiday dreams	Jamie Lopez	Web
825	1	825	2009-01-25 16:08:00	Diners	Show you the world	Kamil Rendran	Facebook
826	1	826	2009-01-16 19:13:00	Diners	Holiday dreams	Jamie Lopez	Shop
827	1	827	2009-01-31 15:25:00	Visa	Beautiful Earth	Janet Silva	Whatsapp
828	1	828	2009-01-09 08:57:00	Diners	Elsa`s Holidays	Ella Hanne	Web
829	2	829	2009-01-04 22:18:00	Mastercard	Round `nd Around	Sarah Connor	Shop
830	2	830	2009-01-10 15:18:00	Mastercard	Holiday dreams	Jamie Lopez	Shop
831	1	831	2009-01-16 19:47:00	Amex	Mothers with Children	Milton Mala	Facebook
832	2	832	2009-01-25 08:16:00	Visa	Travel with Pets	Luna Croix	Shop
833	1	833	2009-01-25 08:48:00	Mastercard	Bill & Gates Vacations	Billy Elliot	Facebook
834	1	834	2009-01-17 09:12:00	Amex	Show you the world	Kamil Rendran	Shop
835	1	835	2009-01-24 01:22:00	Visa	High demand tours	Louis Ni	Whatsapp
836	1	836	2009-01-27 15:09:00	Visa	Round `nd Around	Sarah Connor	Facebook
837	1	837	2009-01-25 21:49:00	Mastercard	Elsa`s Holidays	Ella Hanne	Shop
838	1	838	2009-01-24 08:51:00	Mastercard	Mothers with Children	Milton Mala	Shop
839	1	839	2009-01-06 14:08:00	Mastercard	Travel & Food	Ted Spice	Shop
840	1	840	2009-01-17 14:06:00	Amex	Beautiful Earth	Janet Silva	Shop
841	1	841	2009-01-21 12:38:00	Visa	Bill & Gates Vacations	Billy Elliot	Shop
842	2	842	2009-01-30 23:49:00	Visa	High demand tours	Louis Ni	Whatsapp
843	1	843	2009-01-12 12:00:00	Mastercard	Travel with Pets	Luna Croix	Shop
844	1	844	2009-01-29 21:40:00	Visa	Elsa`s Holidays	Ella Hanne	Whatsapp
845	1	845	2009-01-24 13:38:00	Mastercard	Elsa`s Holidays	Ella Hanne	Facebook
846	2	846	2009-01-25 13:50:00	Visa	Travel & Food	Ted Spice	Shop
847	1	847	2009-01-12 13:41:00	Amex	Salvatore`s tours	Sergie Salvatore	Whatsapp
848	1	848	2009-01-05 11:44:00	Visa	Salvatore`s tours	Sergie Salvatore	Whatsapp
849	1	849	2009-01-02 08:31:00	Visa	Beautiful Earth	Janet Silva	Facebook
850	1	850	2009-01-31 07:13:00	Amex	Show you the world	Kamil Rendran	Shop
851	1	851	2009-01-20 02:17:00	Diners	Mothers with Children	Milton Mala	Shop
852	1	852	2009-01-25 20:15:00	Visa	Salvatore`s tours	Sergie Salvatore	Whatsapp
853	1	853	2009-01-25 19:44:00	Mastercard	Salvatore`s tours	Sergie Salvatore	Facebook
854	1	854	2009-01-30 09:00:00	Mastercard	High demand tours	Louis Ni	Whatsapp
855	1	855	2009-01-07 19:18:00	Mastercard	High demand tours	Louis Ni	Facebook
856	1	856	2009-01-04 10:18:00	Mastercard	Bill & Gates Vacations	Billy Elliot	Shop
857	1	857	2009-01-23 14:57:00	Mastercard	Round `nd Around	Sarah Connor	Shop
858	2	858	2009-01-12 10:08:00	Mastercard	High demand tours	Louis Ni	Shop
859	1	859	2009-01-19 04:22:00	Diners	Travel with Pets	Luna Croix	Web
860	1	860	2009-01-21 21:37:00	Visa	Show you the world	Kamil Rendran	Shop
861	1	861	2009-01-25 04:34:00	Mastercard	Show you the world	Kamil Rendran	Whatsapp
862	1	862	2009-01-30 01:09:00	Mastercard	Elsa`s Holidays	Ella Hanne	Whatsapp
863	1	863	2009-01-26 15:16:00	Visa	Elsa`s Holidays	Ella Hanne	Web
864	2	864	2009-01-15 15:56:00	Visa	Elsa`s Holidays	Ella Hanne	Shop
865	1	865	2009-01-02 20:47:00	Visa	Show you the world	Kamil Rendran	Shop
866	1	866	2009-01-25 09:36:00	Visa	Elsa`s Holidays	Ella Hanne	Whatsapp
867	1	867	2009-01-20 20:09:00	Visa	Travel & Food	Ted Spice	Whatsapp
868	2	868	2009-01-08 11:14:00	Visa	Holiday dreams	Jamie Lopez	Web
869	2	869	2009-01-06 20:39:00	Mastercard	Salvatore`s tours	Sergie Salvatore	Web
870	1	870	2009-01-06 18:10:00	Visa	Mothers with Children	Milton Mala	Facebook
871	2	871	2009-01-11 06:46:00	Visa	Round `nd Around	Sarah Connor	Whatsapp
872	1	872	2009-01-19 14:26:00	Mastercard	Mothers with Children	Milton Mala	Facebook
873	1	873	2009-01-31 06:14:00	Diners	Travel with Pets	Luna Croix	Web
874	1	874	2009-01-06 09:31:00	Visa	Show you the world	Kamil Rendran	Facebook
875	1	875	2009-01-21 07:31:00	Mastercard	Show you the world	Kamil Rendran	Whatsapp
876	2	876	2009-01-20 17:23:00	Visa	High demand tours	Louis Ni	Web
877	1	877	2009-01-29 12:10:00	Amex	Holiday dreams	Jamie Lopez	Web
878	1	878	2009-01-24 23:21:00	Visa	Beautiful Earth	Janet Silva	Whatsapp
879	1	879	2009-01-28 10:37:00	Visa	Mothers with Children	Milton Mala	Facebook
880	1	880	2009-01-30 14:36:00	Visa	Salvatore`s tours	Sergie Salvatore	Facebook
881	1	881	2009-01-21 02:07:00	Mastercard	Holiday dreams	Jamie Lopez	Whatsapp
882	1	882	2009-01-26 06:37:00	Visa	Holiday dreams	Jamie Lopez	Shop
883	1	883	2009-01-04 14:27:00	Visa	Beautiful Earth	Janet Silva	Whatsapp
884	2	884	2009-01-09 03:03:00	Amex	Beautiful Earth	Janet Silva	Shop
885	2	885	2009-01-08 19:26:00	Visa	Elsa`s Holidays	Ella Hanne	Facebook
886	1	886	2009-01-10 16:02:00	Visa	Show you the world	Kamil Rendran	Web
887	1	887	2009-01-06 06:31:00	Visa	Mothers with Children	Milton Mala	Web
888	1	888	2009-01-23 13:13:00	Mastercard	Salvatore`s tours	Sergie Salvatore	Facebook
889	1	889	2009-01-18 17:55:00	Amex	Travel with Pets	Luna Croix	Whatsapp
890	1	890	2009-01-05 15:15:00	Amex	Mothers with Children	Milton Mala	Whatsapp
891	1	891	2009-01-02 10:32:00	Mastercard	Mothers with Children	Milton Mala	Shop
892	1	892	2009-01-25 09:27:00	Visa	Mothers with Children	Milton Mala	Facebook
893	1	893	2009-01-05 06:12:00	Diners	Beautiful Earth	Janet Silva	Web
894	1	894	2009-01-06 02:41:00	Visa	Elsa`s Holidays	Ella Hanne	Web
895	2	895	2009-01-27 14:42:00	Mastercard	Salvatore`s tours	Sergie Salvatore	Whatsapp
896	1	896	2009-01-08 12:03:00	Diners	Bill & Gates Vacations	Billy Elliot	Facebook
897	1	897	2009-01-29 12:16:00	Mastercard	High demand tours	Louis Ni	Facebook
898	1	898	2009-01-19 10:47:00	Mastercard	Round `nd Around	Sarah Connor	Web
899	2	899	2009-01-08 02:49:00	Mastercard	Salvatore`s tours	Sergie Salvatore	Web
900	1	900	2009-01-19 17:40:00	Visa	Travel & Food	Ted Spice	Facebook
901	1	901	2009-01-11 00:15:00	Mastercard	Beautiful Earth	Janet Silva	Whatsapp
902	2	902	2009-01-16 05:12:00	Visa	Travel & Food	Ted Spice	Shop
903	1	903	2009-01-19 06:52:00	Diners	Bill & Gates Vacations	Billy Elliot	Web
904	1	904	2009-01-26 01:14:00	Visa	Travel & Food	Ted Spice	Web
905	1	905	2009-01-30 10:31:00	Mastercard	Mothers with Children	Milton Mala	Whatsapp
906	1	906	2009-01-23 05:52:00	Amex	Show you the world	Kamil Rendran	Web
907	1	907	2009-01-07 09:54:00	Visa	Beautiful Earth	Janet Silva	Shop
908	1	908	2009-01-01 16:44:00	Amex	Bill & Gates Vacations	Billy Elliot	Facebook
909	1	909	2009-01-23 09:27:00	Mastercard	Round `nd Around	Sarah Connor	Facebook
910	1	910	2009-01-22 12:56:00	Visa	Salvatore`s tours	Sergie Salvatore	Shop
911	1	911	2009-01-16 13:35:00	Visa	Beautiful Earth	Janet Silva	Shop
912	1	912	2009-01-13 09:26:00	Visa	Holiday dreams	Jamie Lopez	Facebook
913	3	913	2009-01-25 11:35:00	Mastercard	Travel with Pets	Luna Croix	Web
914	1	914	2009-01-26 14:02:00	Mastercard	High demand tours	Louis Ni	Facebook
915	1	915	2009-01-07 13:26:00	Visa	Salvatore`s tours	Sergie Salvatore	Web
916	1	916	2009-01-15 11:45:00	Diners	Elsa`s Holidays	Ella Hanne	Web
917	1	917	2009-01-27 12:02:00	Visa	Holiday dreams	Jamie Lopez	Facebook
918	1	918	2009-01-28 14:09:00	Visa	Elsa`s Holidays	Ella Hanne	Whatsapp
919	1	919	2009-01-23 07:13:00	Visa	Travel & Food	Ted Spice	Shop
920	2	920	2009-01-22 15:59:00	Visa	Elsa`s Holidays	Ella Hanne	Web
921	1	921	2009-01-16 10:27:00	Mastercard	Beautiful Earth	Janet Silva	Web
922	1	922	2009-01-26 22:45:00	Amex	Travel & Food	Ted Spice	Shop
923	1	923	2009-01-25 18:33:00	Mastercard	Mothers with Children	Milton Mala	Shop
924	1	924	2009-01-16 06:13:00	Mastercard	Holiday dreams	Jamie Lopez	Whatsapp
925	2	925	2009-01-12 17:19:00	Diners	High demand tours	Louis Ni	Whatsapp
926	1	926	2009-01-02 04:21:00	Visa	High demand tours	Louis Ni	Facebook
927	1	927	2009-01-05 03:03:00	Diners	Holiday dreams	Jamie Lopez	Shop
928	1	928	2009-01-15 15:22:00	Visa	Mothers with Children	Milton Mala	Facebook
929	2	929	2009-01-26 05:38:00	Amex	Travel & Food	Ted Spice	Shop
930	1	930	2009-01-24 10:38:00	Visa	Travel & Food	Ted Spice	Shop
931	1	931	2009-01-02 07:30:00	Mastercard	Round `nd Around	Sarah Connor	Shop
932	1	932	2009-01-26 06:38:00	Visa	Show you the world	Kamil Rendran	Facebook
933	3	933	2009-01-17 07:56:00	Diners	Holiday dreams	Jamie Lopez	Whatsapp
934	3	934	2009-01-17 07:58:00	Diners	Travel & Food	Ted Spice	Whatsapp
935	1	935	2009-01-18 04:32:00	Diners	Mothers with Children	Milton Mala	Web
936	1	936	2009-01-26 08:00:00	Amex	Elsa`s Holidays	Ella Hanne	Whatsapp
937	1	937	2009-01-11 08:41:00	Amex	Mothers with Children	Milton Mala	Facebook
938	1	938	2009-01-21 10:32:00	Mastercard	Mothers with Children	Milton Mala	Facebook
939	1	939	2009-01-29 12:27:00	Mastercard	Beautiful Earth	Janet Silva	Facebook
940	2	940	2009-01-13 13:19:00	Mastercard	Travel with Pets	Luna Croix	Web
941	1	941	2009-01-31 18:12:00	Visa	Travel with Pets	Luna Croix	Web
942	1	942	2009-01-22 15:35:00	Visa	Mothers with Children	Milton Mala	Shop
943	1	943	2009-01-05 11:24:00	Amex	High demand tours	Louis Ni	Whatsapp
944	1	944	2009-01-23 11:23:00	Mastercard	Travel & Food	Ted Spice	Shop
945	1	945	2009-01-07 20:55:00	Mastercard	Round `nd Around	Sarah Connor	Facebook
946	1	946	2009-01-13 09:40:00	Visa	Holiday dreams	Jamie Lopez	Web
947	2	947	2009-01-25 15:18:00	Visa	Bill & Gates Vacations	Billy Elliot	Web
948	2	948	2009-01-30 20:58:00	Mastercard	Travel with Pets	Luna Croix	Facebook
949	1	949	2009-01-31 04:50:00	Mastercard	Travel with Pets	Luna Croix	Facebook
950	2	950	2009-01-20 10:05:00	Visa	Travel with Pets	Luna Croix	Facebook
951	1	951	2009-01-09 05:15:00	Visa	Salvatore`s tours	Sergie Salvatore	Shop
952	2	952	2009-01-13 07:09:00	Amex	Elsa`s Holidays	Ella Hanne	Facebook
953	1	953	2009-01-03 11:03:00	Mastercard	Holiday dreams	Jamie Lopez	Whatsapp
954	1	954	2009-01-17 20:51:00	Visa	Salvatore`s tours	Sergie Salvatore	Web
955	1	955	2009-01-05 07:55:00	Mastercard	Salvatore`s tours	Sergie Salvatore	Facebook
956	1	956	2009-01-25 14:40:00	Visa	Travel with Pets	Luna Croix	Facebook
957	1	957	2009-01-25 17:55:00	Visa	High demand tours	Louis Ni	Shop
958	1	958	2009-01-03 12:54:00	Diners	Salvatore`s tours	Sergie Salvatore	Shop
959	2	959	2009-01-22 03:57:00	Mastercard	Travel & Food	Ted Spice	Facebook
960	1	960	2009-01-23 05:11:00	Visa	Show you the world	Kamil Rendran	Whatsapp
961	2	961	2009-01-25 11:52:00	Mastercard	Round `nd Around	Sarah Connor	Shop
962	1	962	2009-01-10 04:12:00	Visa	High demand tours	Louis Ni	Facebook
963	2	963	2009-01-10 09:32:00	Mastercard	Mothers with Children	Milton Mala	Facebook
964	3	964	2009-01-22 12:45:00	Visa	Round `nd Around	Sarah Connor	Whatsapp
965	2	965	2009-01-06 18:11:00	Mastercard	Mothers with Children	Milton Mala	Shop
966	1	966	2009-01-19 05:56:00	Visa	Salvatore`s tours	Sergie Salvatore	Whatsapp
967	1	967	2009-01-25 10:50:00	Diners	Travel with Pets	Luna Croix	Facebook
968	1	968	2009-01-14 08:38:00	Visa	Bill & Gates Vacations	Billy Elliot	Shop
969	2	969	2009-01-02 17:24:00	Diners	Holiday dreams	Jamie Lopez	Facebook
970	1	970	2009-01-07 18:15:00	Mastercard	Beautiful Earth	Janet Silva	Whatsapp
971	1	971	2009-01-03 21:19:00	Visa	Salvatore`s tours	Sergie Salvatore	Web
972	1	972	2009-01-04 05:13:00	Visa	Elsa`s Holidays	Ella Hanne	Whatsapp
973	1	973	2009-01-04 09:28:00	Visa	Show you the world	Kamil Rendran	Whatsapp
974	1	974	2009-01-02 04:34:00	Visa	Travel & Food	Ted Spice	Web
975	1	975	2009-01-22 11:10:00	Mastercard	Show you the world	Kamil Rendran	Whatsapp
976	1	976	2009-01-07 12:06:00	Visa	Holiday dreams	Jamie Lopez	Web
977	1	977	2009-01-29 13:25:00	Diners	Round `nd Around	Sarah Connor	Facebook
978	1	978	2009-01-27 02:57:00	Visa	High demand tours	Louis Ni	Whatsapp
979	1	979	2009-01-07 13:19:00	Visa	Show you the world	Kamil Rendran	Whatsapp
980	1	980	2009-01-23 10:04:00	Mastercard	High demand tours	Louis Ni	Shop
981	1	981	2009-01-19 04:55:00	Visa	Bill & Gates Vacations	Billy Elliot	Shop
982	1	982	2009-01-28 22:02:00	Visa	Holiday dreams	Jamie Lopez	Shop
983	1	983	2009-01-04 18:57:00	Mastercard	Travel with Pets	Luna Croix	Facebook
984	1	984	2009-01-12 20:31:00	Visa	Salvatore`s tours	Sergie Salvatore	Whatsapp
985	1	985	2009-01-24 12:00:00	Visa	Mothers with Children	Milton Mala	Shop
986	1	986	2009-01-28 11:19:00	Visa	High demand tours	Louis Ni	Facebook
987	1	987	2009-01-07 17:48:00	Mastercard	Salvatore`s tours	Sergie Salvatore	Shop
988	2	988	2009-01-23 12:42:00	Mastercard	Travel & Food	Ted Spice	Web
989	2	989	2009-01-07 19:48:00	Mastercard	Show you the world	Kamil Rendran	Web
990	1	990	2009-01-26 11:19:00	Mastercard	Show you the world	Kamil Rendran	Web
991	1	991	2009-01-05 13:23:00	Visa	Beautiful Earth	Janet Silva	Whatsapp
992	1	992	2009-01-26 13:41:00	Mastercard	Show you the world	Kamil Rendran	Facebook
993	2	993	2009-01-20 10:42:00	Diners	Salvatore`s tours	Sergie Salvatore	Shop
994	1	994	2009-01-22 14:25:00	Visa	Beautiful Earth	Janet Silva	Shop
995	2	995	2009-01-28 05:36:00	Visa	Salvatore`s tours	Sergie Salvatore	Facebook
996	3	996	2009-01-01 04:24:00	Amex	Elsa`s Holidays	Ella Hanne	Facebook
997	1	997	2009-01-08 11:55:00	Diners	Travel with Pets	Luna Croix	Shop
998	1	998	2009-01-12 21:30:00	Visa	Elsa`s Holidays	Ella Hanne	Facebook
\.


--
-- Name: customers_id_customer_seq; Type: SEQUENCE SET; Schema: public; Owner: paulo
--

SELECT pg_catalog.setval('public.customers_id_customer_seq', 998, true);


--
-- Name: products_id_product_seq; Type: SEQUENCE SET; Schema: public; Owner: paulo
--

SELECT pg_catalog.setval('public.products_id_product_seq', 3, true);


--
-- Name: transactions_id_customer_seq; Type: SEQUENCE SET; Schema: public; Owner: paulo
--

SELECT pg_catalog.setval('public.transactions_id_customer_seq', 1, false);


--
-- Name: transactions_id_product_seq; Type: SEQUENCE SET; Schema: public; Owner: paulo
--

SELECT pg_catalog.setval('public.transactions_id_product_seq', 1, false);


--
-- Name: transactions_id_transaction_seq; Type: SEQUENCE SET; Schema: public; Owner: paulo
--

SELECT pg_catalog.setval('public.transactions_id_transaction_seq', 998, true);


--
-- Name: customers customers_pkey; Type: CONSTRAINT; Schema: public; Owner: paulo
--

ALTER TABLE ONLY public.customers
    ADD CONSTRAINT customers_pkey PRIMARY KEY (id_customer);


--
-- Name: products products_pkey; Type: CONSTRAINT; Schema: public; Owner: paulo
--

ALTER TABLE ONLY public.products
    ADD CONSTRAINT products_pkey PRIMARY KEY (id_product);


--
-- Name: transactions transactions_pkey; Type: CONSTRAINT; Schema: public; Owner: paulo
--

ALTER TABLE ONLY public.transactions
    ADD CONSTRAINT transactions_pkey PRIMARY KEY (id_transaction);


--
-- Name: transactions transactions_id_customer_fkey; Type: FK CONSTRAINT; Schema: public; Owner: paulo
--

ALTER TABLE ONLY public.transactions
    ADD CONSTRAINT transactions_id_customer_fkey FOREIGN KEY (id_customer) REFERENCES public.customers(id_customer);


--
-- Name: transactions transactions_id_product_fkey; Type: FK CONSTRAINT; Schema: public; Owner: paulo
--

ALTER TABLE ONLY public.transactions
    ADD CONSTRAINT transactions_id_product_fkey FOREIGN KEY (id_product) REFERENCES public.products(id_product);


--
-- PostgreSQL database dump complete
--

